,Case,Mitigation Case,Sector,Subsector,End Use Application,Energy carrier,Energy carrier type,Generation Type,Year,Energy Unit,Electricity Production
0,Reference case,-,Electric Power,-,Electricity Generation,Electricity,Biogenic Municipal Waste,Biomass,2022,BkWh,12.87161106385983
1,Reference case,-,Electric Power,-,Electricity Generation,Electricity,Coal,Coal,2022,BkWh,791.1450919618682
2,Reference case,-,Electric Power,-,Electricity Generation,Electricity,Conventional Hydroelectric Power,Hydroelectric,2022,BkWh,257.46743144321846
3,Reference case,-,Electric Power,-,Electricity Generation,Electricity,Distributed Generation,Other,2022,BkWh,0.0
4,Reference case,-,Electric Power,-,Electricity Generation,Electricity,Geothermal,Geothermal,2022,BkWh,14.54751278374069
5,Reference case,-,Electric Power,-,Electricity Generation,Electricity,Municipal Waste,Other,2022,BkWh,0.4970967621554631
6,Reference case,-,Electric Power,-,Electricity Generation,Electricity,Natural Gas,Natural Gas,2022,BkWh,1571.3299228696742
7,Reference case,-,Electric Power,-,Electricity Generation,Electricity,Nuclear,Nuclear,2022,BkWh,719.7399250667858
8,Reference case,-,Electric Power,-,Electricity Generation,Electricity,Offshore Wind,Wind,2022,BkWh,1.351264473967554
9,Reference case,-,Electric Power,-,Electricity Generation,Electricity,Other,Other,2022,BkWh,1.51692920945539
10,Reference case,-,Electric Power,-,Electricity Generation,Electricity,Other Gaseous Fuels,Other,2022,BkWh,9.798673332366977
11,Reference case,-,Electric Power,-,Electricity Generation,Electricity,Petroleum,Petroleum,2022,BkWh,10.552961123458648
12,Reference case,-,Electric Power,-,Electricity Generation,Electricity,Pumped Storage and Other,Other,2022,BkWh,0.9666824937814927
13,Reference case,-,Electric Power,-,Electricity Generation,Electricity,Solar Photovoltaic,Solar,2022,BkWh,188.42305928398437
14,Reference case,-,Electric Power,-,Electricity Generation,Electricity,Solar Thermal,Solar,2022,BkWh,2.739631732635845
15,Reference case,-,Electric Power,-,Electricity Generation,Electricity,Wind,Wind,2022,BkWh,408.56273613129355
16,Reference case,-,Electric Power,-,Electricity Generation,Electricity,Wood and Other Biomass,Biomass,2022,BkWh,36.883646495138564
17,Reference case,-,Electric Power,-,Electricity Generation,Electricity,Biogenic Municipal Waste,Biomass,2023,BkWh,13.900982707737349
18,Reference case,-,Electric Power,-,Electricity Generation,Electricity,Coal,Coal,2023,BkWh,746.2051657326593
19,Reference case,-,Electric Power,-,Electricity Generation,Electricity,Conventional Hydroelectric Power,Hydroelectric,2023,BkWh,263.33509713873804
20,Reference case,-,Electric Power,-,Electricity Generation,Electricity,Distributed Generation,Other,2023,BkWh,0.0
21,Reference case,-,Electric Power,-,Electricity Generation,Electricity,Geothermal,Geothermal,2023,BkWh,14.367956284620469
22,Reference case,-,Electric Power,-,Electricity Generation,Electricity,Municipal Waste,Other,2023,BkWh,0.4974455949175583
23,Reference case,-,Electric Power,-,Electricity Generation,Electricity,Natural Gas,Natural Gas,2023,BkWh,1480.0241386082541
24,Reference case,-,Electric Power,-,Electricity Generation,Electricity,Nuclear,Nuclear,2023,BkWh,731.1902978629444
25,Reference case,-,Electric Power,-,Electricity Generation,Electricity,Offshore Wind,Wind,2023,BkWh,2.894913552633321
26,Reference case,-,Electric Power,-,Electricity Generation,Electricity,Other,Other,2023,BkWh,1.5179936996036314
27,Reference case,-,Electric Power,-,Electricity Generation,Electricity,Other Gaseous Fuels,Other,2023,BkWh,9.931771213273283
28,Reference case,-,Electric Power,-,Electricity Generation,Electricity,Petroleum,Petroleum,2023,BkWh,10.087295967270007
29,Reference case,-,Electric Power,-,Electricity Generation,Electricity,Pumped Storage and Other,Other,2023,BkWh,0.3667800589646083
30,Reference case,-,Electric Power,-,Electricity Generation,Electricity,Solar Photovoltaic,Solar,2023,BkWh,236.93688311135483
31,Reference case,-,Electric Power,-,Electricity Generation,Electricity,Solar Thermal,Solar,2023,BkWh,2.8019263623624027
32,Reference case,-,Electric Power,-,Electricity Generation,Electricity,Wind,Wind,2023,BkWh,432.6685538507976
33,Reference case,-,Electric Power,-,Electricity Generation,Electricity,Wood and Other Biomass,Biomass,2023,BkWh,36.967603424702716
34,Reference case,-,Electric Power,-,Electricity Generation,Electricity,Biogenic Municipal Waste,Biomass,2024,BkWh,14.567488609792202
35,Reference case,-,Electric Power,-,Electricity Generation,Electricity,Coal,Coal,2024,BkWh,783.6874473038978
36,Reference case,-,Electric Power,-,Electricity Generation,Electricity,Conventional Hydroelectric Power,Hydroelectric,2024,BkWh,272.1222990936058
37,Reference case,-,Electric Power,-,Electricity Generation,Electricity,Distributed Generation,Other,2024,BkWh,0.19172817108308182
38,Reference case,-,Electric Power,-,Electricity Generation,Electricity,Geothermal,Geothermal,2024,BkWh,15.093601091327736
39,Reference case,-,Electric Power,-,Electricity Generation,Electricity,Municipal Waste,Other,2024,BkWh,0.49770260355937374
40,Reference case,-,Electric Power,-,Electricity Generation,Electricity,Natural Gas,Natural Gas,2024,BkWh,1394.8779239357332
41,Reference case,-,Electric Power,-,Electricity Generation,Electricity,Nuclear,Nuclear,2024,BkWh,736.8773590143459
42,Reference case,-,Electric Power,-,Electricity Generation,Electricity,Offshore Wind,Wind,2024,BkWh,5.1991691583475035
43,Reference case,-,Electric Power,-,Electricity Generation,Electricity,Other,Other,2024,BkWh,1.5187779813482192
44,Reference case,-,Electric Power,-,Electricity Generation,Electricity,Other Gaseous Fuels,Other,2024,BkWh,11.356120388218907
45,Reference case,-,Electric Power,-,Electricity Generation,Electricity,Petroleum,Petroleum,2024,BkWh,9.89653035274992
46,Reference case,-,Electric Power,-,Electricity Generation,Electricity,Pumped Storage and Other,Other,2024,BkWh,-0.6077314892766746
47,Reference case,-,Electric Power,-,Electricity Generation,Electricity,Solar Photovoltaic,Solar,2024,BkWh,315.50010540664056
48,Reference case,-,Electric Power,-,Electricity Generation,Electricity,Solar Thermal,Solar,2024,BkWh,2.7845918328450256
49,Reference case,-,Electric Power,-,Electricity Generation,Electricity,Wind,Wind,2024,BkWh,435.86294865259583
50,Reference case,-,Electric Power,-,Electricity Generation,Electricity,Wood and Other Biomass,Biomass,2024,BkWh,36.027278958853685
51,Reference case,-,Electric Power,-,Electricity Generation,Electricity,Biogenic Municipal Waste,Biomass,2025,BkWh,15.155976488917
52,Reference case,-,Electric Power,-,Electricity Generation,Electricity,Coal,Coal,2025,BkWh,718.7902424230381
53,Reference case,-,Electric Power,-,Electricity Generation,Electricity,Conventional Hydroelectric Power,Hydroelectric,2025,BkWh,279.7720525340806
54,Reference case,-,Electric Power,-,Electricity Generation,Electricity,Distributed Generation,Other,2025,BkWh,0.24367698427936552
55,Reference case,-,Electric Power,-,Electricity Generation,Electricity,Geothermal,Geothermal,2025,BkWh,15.787392221834514
56,Reference case,-,Electric Power,-,Electricity Generation,Electricity,Municipal Waste,Other,2025,BkWh,0.4980247260331347
57,Reference case,-,Electric Power,-,Electricity Generation,Electricity,Natural Gas,Natural Gas,2025,BkWh,1336.0346545799914
58,Reference case,-,Electric Power,-,Electricity Generation,Electricity,Nuclear,Nuclear,2025,BkWh,730.6783153145225
59,Reference case,-,Electric Power,-,Electricity Generation,Electricity,Offshore Wind,Wind,2025,BkWh,5.671734575417441
60,Reference case,-,Electric Power,-,Electricity Generation,Electricity,Other,Other,2025,BkWh,1.5197609629861426
61,Reference case,-,Electric Power,-,Electricity Generation,Electricity,Other Gaseous Fuels,Other,2025,BkWh,11.472017965251887
62,Reference case,-,Electric Power,-,Electricity Generation,Electricity,Petroleum,Petroleum,2025,BkWh,9.598750798329926
63,Reference case,-,Electric Power,-,Electricity Generation,Electricity,Pumped Storage and Other,Other,2025,BkWh,-1.3424679715031589
64,Reference case,-,Electric Power,-,Electricity Generation,Electricity,Solar Photovoltaic,Solar,2025,BkWh,434.1359110921193
65,Reference case,-,Electric Power,-,Electricity Generation,Electricity,Solar Thermal,Solar,2025,BkWh,2.7698022780773863
66,Reference case,-,Electric Power,-,Electricity Generation,Electricity,Wind,Wind,2025,BkWh,473.1202335812192
67,Reference case,-,Electric Power,-,Electricity Generation,Electricity,Wood and Other Biomass,Biomass,2025,BkWh,36.28179810393297
68,Reference case,-,Electric Power,-,Electricity Generation,Electricity,Biogenic Municipal Waste,Biomass,2026,BkWh,15.735588559834982
69,Reference case,-,Electric Power,-,Electricity Generation,Electricity,Coal,Coal,2026,BkWh,617.7316943941545
70,Reference case,-,Electric Power,-,Electricity Generation,Electricity,Conventional Hydroelectric Power,Hydroelectric,2026,BkWh,280.2981064175571
71,Reference case,-,Electric Power,-,Electricity Generation,Electricity,Distributed Generation,Other,2026,BkWh,0.2978254314566349
72,Reference case,-,Electric Power,-,Electricity Generation,Electricity,Geothermal,Geothermal,2026,BkWh,16.51673914254692
73,Reference case,-,Electric Power,-,Electricity Generation,Electricity,Municipal Waste,Other,2026,BkWh,0.4978869292181484
74,Reference case,-,Electric Power,-,Electricity Generation,Electricity,Natural Gas,Natural Gas,2026,BkWh,1284.0164437873048
75,Reference case,-,Electric Power,-,Electricity Generation,Electricity,Nuclear,Nuclear,2026,BkWh,723.4050015026075
76,Reference case,-,Electric Power,-,Electricity Generation,Electricity,Offshore Wind,Wind,2026,BkWh,6.428079958455321
77,Reference case,-,Electric Power,-,Electricity Generation,Electricity,Other,Other,2026,BkWh,1.7892852372809906
78,Reference case,-,Electric Power,-,Electricity Generation,Electricity,Other Gaseous Fuels,Other,2026,BkWh,11.468843810527344
79,Reference case,-,Electric Power,-,Electricity Generation,Electricity,Petroleum,Petroleum,2026,BkWh,8.936442861523542
80,Reference case,-,Electric Power,-,Electricity Generation,Electricity,Pumped Storage and Other,Other,2026,BkWh,-1.8814948901422668
81,Reference case,-,Electric Power,-,Electricity Generation,Electricity,Solar Photovoltaic,Solar,2026,BkWh,566.3591396495227
82,Reference case,-,Electric Power,-,Electricity Generation,Electricity,Solar Thermal,Solar,2026,BkWh,2.7576780226490283
83,Reference case,-,Electric Power,-,Electricity Generation,Electricity,Wind,Wind,2026,BkWh,537.4760463581644
84,Reference case,-,Electric Power,-,Electricity Generation,Electricity,Wood and Other Biomass,Biomass,2026,BkWh,36.26948839584779
85,Reference case,-,Electric Power,-,Electricity Generation,Electricity,Biogenic Municipal Waste,Biomass,2027,BkWh,16.564037841407483
86,Reference case,-,Electric Power,-,Electricity Generation,Electricity,Coal,Coal,2027,BkWh,525.9603800928088
87,Reference case,-,Electric Power,-,Electricity Generation,Electricity,Conventional Hydroelectric Power,Hydroelectric,2027,BkWh,280.1904403438127
88,Reference case,-,Electric Power,-,Electricity Generation,Electricity,Distributed Generation,Other,2027,BkWh,0.3755240663165806
89,Reference case,-,Electric Power,-,Electricity Generation,Electricity,Geothermal,Geothermal,2027,BkWh,17.08826616699022
90,Reference case,-,Electric Power,-,Electricity Generation,Electricity,Municipal Waste,Other,2027,BkWh,0.4977252362287257
91,Reference case,-,Electric Power,-,Electricity Generation,Electricity,Natural Gas,Natural Gas,2027,BkWh,1204.9094556110465
92,Reference case,-,Electric Power,-,Electricity Generation,Electricity,Nuclear,Nuclear,2027,BkWh,723.1577623064802
93,Reference case,-,Electric Power,-,Electricity Generation,Electricity,Offshore Wind,Wind,2027,BkWh,6.423756644981291
94,Reference case,-,Electric Power,-,Electricity Generation,Electricity,Other,Other,2027,BkWh,1.7887041517734836
95,Reference case,-,Electric Power,-,Electricity Generation,Electricity,Other Gaseous Fuels,Other,2027,BkWh,11.46511920654174
96,Reference case,-,Electric Power,-,Electricity Generation,Electricity,Petroleum,Petroleum,2027,BkWh,8.286014314400166
97,Reference case,-,Electric Power,-,Electricity Generation,Electricity,Pumped Storage and Other,Other,2027,BkWh,-2.282494672013793
98,Reference case,-,Electric Power,-,Electricity Generation,Electricity,Solar Photovoltaic,Solar,2027,BkWh,688.3093531797701
99,Reference case,-,Electric Power,-,Electricity Generation,Electricity,Solar Thermal,Solar,2027,BkWh,2.7480607229991114
100,Reference case,-,Electric Power,-,Electricity Generation,Electricity,Wind,Wind,2027,BkWh,619.5216540893592
101,Reference case,-,Electric Power,-,Electricity Generation,Electricity,Wood and Other Biomass,Biomass,2027,BkWh,36.32125686971084
102,Reference case,-,Electric Power,-,Electricity Generation,Electricity,Biogenic Municipal Waste,Biomass,2028,BkWh,17.19229156043673
103,Reference case,-,Electric Power,-,Electricity Generation,Electricity,Coal,Coal,2028,BkWh,436.51981515626966
104,Reference case,-,Electric Power,-,Electricity Generation,Electricity,Conventional Hydroelectric Power,Hydroelectric,2028,BkWh,278.0080281328187
105,Reference case,-,Electric Power,-,Electricity Generation,Electricity,Distributed Generation,Other,2028,BkWh,0.5235523907970767
106,Reference case,-,Electric Power,-,Electricity Generation,Electricity,Geothermal,Geothermal,2028,BkWh,17.651355926824635
107,Reference case,-,Electric Power,-,Electricity Generation,Electricity,Municipal Waste,Other,2028,BkWh,0.49754330030939264
108,Reference case,-,Electric Power,-,Electricity Generation,Electricity,Natural Gas,Natural Gas,2028,BkWh,1164.8710477207871
109,Reference case,-,Electric Power,-,Electricity Generation,Electricity,Nuclear,Nuclear,2028,BkWh,714.3849845896104
110,Reference case,-,Electric Power,-,Electricity Generation,Electricity,Offshore Wind,Wind,2028,BkWh,9.643486185210485
111,Reference case,-,Electric Power,-,Electricity Generation,Electricity,Other,Other,2028,BkWh,1.788050318070508
112,Reference case,-,Electric Power,-,Electricity Generation,Electricity,Other Gaseous Fuels,Other,2028,BkWh,11.460928305917712
113,Reference case,-,Electric Power,-,Electricity Generation,Electricity,Petroleum,Petroleum,2028,BkWh,7.639656158510543
114,Reference case,-,Electric Power,-,Electricity Generation,Electricity,Pumped Storage and Other,Other,2028,BkWh,-3.56213400090389
115,Reference case,-,Electric Power,-,Electricity Generation,Electricity,Solar Photovoltaic,Solar,2028,BkWh,765.1972814074996
116,Reference case,-,Electric Power,-,Electricity Generation,Electricity,Solar Thermal,Solar,2028,BkWh,2.737251478194876
117,Reference case,-,Electric Power,-,Electricity Generation,Electricity,Wind,Wind,2028,BkWh,719.8342277845761
118,Reference case,-,Electric Power,-,Electricity Generation,Electricity,Wood and Other Biomass,Biomass,2028,BkWh,35.96634865338113
119,Reference case,-,Electric Power,-,Electricity Generation,Electricity,Biogenic Municipal Waste,Biomass,2029,BkWh,17.99756656233802
120,Reference case,-,Electric Power,-,Electricity Generation,Electricity,Coal,Coal,2029,BkWh,371.6636828766853
121,Reference case,-,Electric Power,-,Electricity Generation,Electricity,Conventional Hydroelectric Power,Hydroelectric,2029,BkWh,277.69434984783885
122,Reference case,-,Electric Power,-,Electricity Generation,Electricity,Distributed Generation,Other,2029,BkWh,0.6868524563643924
123,Reference case,-,Electric Power,-,Electricity Generation,Electricity,Geothermal,Geothermal,2029,BkWh,18.661284460427776
124,Reference case,-,Electric Power,-,Electricity Generation,Electricity,Municipal Waste,Other,2029,BkWh,0.49753484111285173
125,Reference case,-,Electric Power,-,Electricity Generation,Electricity,Natural Gas,Natural Gas,2029,BkWh,1132.1788832572752
126,Reference case,-,Electric Power,-,Electricity Generation,Electricity,Nuclear,Nuclear,2029,BkWh,714.3613898962733
127,Reference case,-,Electric Power,-,Electricity Generation,Electricity,Offshore Wind,Wind,2029,BkWh,10.452624915239722
128,Reference case,-,Electric Power,-,Electricity Generation,Electricity,Other,Other,2029,BkWh,1.7880199177635274
129,Reference case,-,Electric Power,-,Electricity Generation,Electricity,Other Gaseous Fuels,Other,2029,BkWh,11.46073344801284
130,Reference case,-,Electric Power,-,Electricity Generation,Electricity,Petroleum,Petroleum,2029,BkWh,7.262650019516437
131,Reference case,-,Electric Power,-,Electricity Generation,Electricity,Pumped Storage and Other,Other,2029,BkWh,-4.21483713369416
132,Reference case,-,Electric Power,-,Electricity Generation,Electricity,Solar Photovoltaic,Solar,2029,BkWh,813.9150210230499
133,Reference case,-,Electric Power,-,Electricity Generation,Electricity,Solar Thermal,Solar,2029,BkWh,2.713810033597503
134,Reference case,-,Electric Power,-,Electricity Generation,Electricity,Wind,Wind,2029,BkWh,807.8306340631132
135,Reference case,-,Electric Power,-,Electricity Generation,Electricity,Wood and Other Biomass,Biomass,2029,BkWh,35.883244240765094
136,Reference case,-,Electric Power,-,Electricity Generation,Electricity,Biogenic Municipal Waste,Biomass,2030,BkWh,18.861674312885167
137,Reference case,-,Electric Power,-,Electricity Generation,Electricity,Coal,Coal,2030,BkWh,334.9101437279142
138,Reference case,-,Electric Power,-,Electricity Generation,Electricity,Conventional Hydroelectric Power,Hydroelectric,2030,BkWh,276.16334895378236
139,Reference case,-,Electric Power,-,Electricity Generation,Electricity,Distributed Generation,Other,2030,BkWh,0.8790557381005157
140,Reference case,-,Electric Power,-,Electricity Generation,Electricity,Geothermal,Geothermal,2030,BkWh,19.54408416436367
141,Reference case,-,Electric Power,-,Electricity Generation,Electricity,Municipal Waste,Other,2030,BkWh,0.49733021771609004
142,Reference case,-,Electric Power,-,Electricity Generation,Electricity,Natural Gas,Natural Gas,2030,BkWh,1089.4158361402929
143,Reference case,-,Electric Power,-,Electricity Generation,Electricity,Nuclear,Nuclear,2030,BkWh,707.0498419658658
144,Reference case,-,Electric Power,-,Electricity Generation,Electricity,Offshore Wind,Wind,2030,BkWh,29.457991468061255
145,Reference case,-,Electric Power,-,Electricity Generation,Electricity,Other,Other,2030,BkWh,1.787284550752381
146,Reference case,-,Electric Power,-,Electricity Generation,Electricity,Other Gaseous Fuels,Other,2030,BkWh,11.456019940507984
147,Reference case,-,Electric Power,-,Electricity Generation,Electricity,Petroleum,Petroleum,2030,BkWh,6.988915752509639
148,Reference case,-,Electric Power,-,Electricity Generation,Electricity,Pumped Storage and Other,Other,2030,BkWh,-4.857924141074791
149,Reference case,-,Electric Power,-,Electricity Generation,Electricity,Solar Photovoltaic,Solar,2030,BkWh,847.1888272924269
150,Reference case,-,Electric Power,-,Electricity Generation,Electricity,Solar Thermal,Solar,2030,BkWh,2.7038998294897807
151,Reference case,-,Electric Power,-,Electricity Generation,Electricity,Wind,Wind,2030,BkWh,872.906396122313
152,Reference case,-,Electric Power,-,Electricity Generation,Electricity,Wood and Other Biomass,Biomass,2030,BkWh,35.99199623521738
153,Reference case,-,Electric Power,-,Electricity Generation,Electricity,Biogenic Municipal Waste,Biomass,2031,BkWh,19.725019501030516
154,Reference case,-,Electric Power,-,Electricity Generation,Electricity,Coal,Coal,2031,BkWh,327.0245026272191
155,Reference case,-,Electric Power,-,Electricity Generation,Electricity,Conventional Hydroelectric Power,Hydroelectric,2031,BkWh,274.69981794823
156,Reference case,-,Electric Power,-,Electricity Generation,Electricity,Distributed Generation,Other,2031,BkWh,1.0953780134917346
157,Reference case,-,Electric Power,-,Electricity Generation,Electricity,Geothermal,Geothermal,2031,BkWh,20.102063581622094
158,Reference case,-,Electric Power,-,Electricity Generation,Electricity,Municipal Waste,Other,2031,BkWh,0.4971298781110519
159,Reference case,-,Electric Power,-,Electricity Generation,Electricity,Natural Gas,Natural Gas,2031,BkWh,1047.0611552425912
160,Reference case,-,Electric Power,-,Electricity Generation,Electricity,Nuclear,Nuclear,2031,BkWh,706.7697444440514
161,Reference case,-,Electric Power,-,Electricity Generation,Electricity,Offshore Wind,Wind,2031,BkWh,34.21139328657508
162,Reference case,-,Electric Power,-,Electricity Generation,Electricity,Other,Other,2031,BkWh,1.7865645786528916
163,Reference case,-,Electric Power,-,Electricity Generation,Electricity,Other Gaseous Fuels,Other,2031,BkWh,11.451405110303758
164,Reference case,-,Electric Power,-,Electricity Generation,Electricity,Petroleum,Petroleum,2031,BkWh,6.722482086113461
165,Reference case,-,Electric Power,-,Electricity Generation,Electricity,Pumped Storage and Other,Other,2031,BkWh,-5.6362582440897
166,Reference case,-,Electric Power,-,Electricity Generation,Electricity,Solar Photovoltaic,Solar,2031,BkWh,895.3481605621691
167,Reference case,-,Electric Power,-,Electricity Generation,Electricity,Solar Thermal,Solar,2031,BkWh,2.690717563145879
168,Reference case,-,Electric Power,-,Electricity Generation,Electricity,Wind,Wind,2031,BkWh,905.2050093275482
169,Reference case,-,Electric Power,-,Electricity Generation,Electricity,Wood and Other Biomass,Biomass,2031,BkWh,36.23879331951373
170,Reference case,-,Electric Power,-,Electricity Generation,Electricity,Biogenic Municipal Waste,Biomass,2032,BkWh,20.522443330772266
171,Reference case,-,Electric Power,-,Electricity Generation,Electricity,Coal,Coal,2032,BkWh,323.10561340662576
172,Reference case,-,Electric Power,-,Electricity Generation,Electricity,Conventional Hydroelectric Power,Hydroelectric,2032,BkWh,272.1137922007161
173,Reference case,-,Electric Power,-,Electricity Generation,Electricity,Distributed Generation,Other,2032,BkWh,1.323516698755684
174,Reference case,-,Electric Power,-,Electricity Generation,Electricity,Geothermal,Geothermal,2032,BkWh,20.73289893778699
175,Reference case,-,Electric Power,-,Electricity Generation,Electricity,Municipal Waste,Other,2032,BkWh,0.496481251208399
176,Reference case,-,Electric Power,-,Electricity Generation,Electricity,Natural Gas,Natural Gas,2032,BkWh,1015.4168852371555
177,Reference case,-,Electric Power,-,Electricity Generation,Electricity,Nuclear,Nuclear,2032,BkWh,705.8554345652565
178,Reference case,-,Electric Power,-,Electricity Generation,Electricity,Offshore Wind,Wind,2032,BkWh,34.17583883142317
179,Reference case,-,Electric Power,-,Electricity Generation,Electricity,Other,Other,2032,BkWh,1.784233570399185
180,Reference case,-,Electric Power,-,Electricity Generation,Electricity,Other Gaseous Fuels,Other,2032,BkWh,11.436463965635602
181,Reference case,-,Electric Power,-,Electricity Generation,Electricity,Petroleum,Petroleum,2032,BkWh,6.679913223911088
182,Reference case,-,Electric Power,-,Electricity Generation,Electricity,Pumped Storage and Other,Other,2032,BkWh,-6.7528759849292905
183,Reference case,-,Electric Power,-,Electricity Generation,Electricity,Solar Photovoltaic,Solar,2032,BkWh,954.7761616377946
184,Reference case,-,Electric Power,-,Electricity Generation,Electricity,Solar Thermal,Solar,2032,BkWh,2.4775092327100903
185,Reference case,-,Electric Power,-,Electricity Generation,Electricity,Wind,Wind,2032,BkWh,919.9036353369703
186,Reference case,-,Electric Power,-,Electricity Generation,Electricity,Wood and Other Biomass,Biomass,2032,BkWh,36.39819629436298
187,Reference case,-,Electric Power,-,Electricity Generation,Electricity,Biogenic Municipal Waste,Biomass,2033,BkWh,21.681319914527897
188,Reference case,-,Electric Power,-,Electricity Generation,Electricity,Coal,Coal,2033,BkWh,331.5342604742677
189,Reference case,-,Electric Power,-,Electricity Generation,Electricity,Conventional Hydroelectric Power,Hydroelectric,2033,BkWh,271.80191041914236
190,Reference case,-,Electric Power,-,Electricity Generation,Electricity,Distributed Generation,Other,2033,BkWh,1.5742355088216753
191,Reference case,-,Electric Power,-,Electricity Generation,Electricity,Geothermal,Geothermal,2033,BkWh,21.01676853131423
192,Reference case,-,Electric Power,-,Electricity Generation,Electricity,Municipal Waste,Other,2033,BkWh,0.49631607651634835
193,Reference case,-,Electric Power,-,Electricity Generation,Electricity,Natural Gas,Natural Gas,2033,BkWh,992.7372760133733
194,Reference case,-,Electric Power,-,Electricity Generation,Electricity,Nuclear,Nuclear,2033,BkWh,665.8725736678348
195,Reference case,-,Electric Power,-,Electricity Generation,Electricity,Offshore Wind,Wind,2033,BkWh,34.16601314506333
196,Reference case,-,Electric Power,-,Electricity Generation,Electricity,Other,Other,2033,BkWh,1.78363997249429
197,Reference case,-,Electric Power,-,Electricity Generation,Electricity,Other Gaseous Fuels,Other,2033,BkWh,11.432659160501322
198,Reference case,-,Electric Power,-,Electricity Generation,Electricity,Petroleum,Petroleum,2033,BkWh,6.67327673956399
199,Reference case,-,Electric Power,-,Electricity Generation,Electricity,Pumped Storage and Other,Other,2033,BkWh,-8.112163304018603
200,Reference case,-,Electric Power,-,Electricity Generation,Electricity,Solar Photovoltaic,Solar,2033,BkWh,999.9409606558279
201,Reference case,-,Electric Power,-,Electricity Generation,Electricity,Solar Thermal,Solar,2033,BkWh,2.4290705549882703
202,Reference case,-,Electric Power,-,Electricity Generation,Electricity,Wind,Wind,2033,BkWh,960.7740282606396
203,Reference case,-,Electric Power,-,Electricity Generation,Electricity,Wood and Other Biomass,Biomass,2033,BkWh,36.60197206601848
204,Reference case,-,Electric Power,-,Electricity Generation,Electricity,Biogenic Municipal Waste,Biomass,2034,BkWh,22.407971565173714
205,Reference case,-,Electric Power,-,Electricity Generation,Electricity,Coal,Coal,2034,BkWh,329.13475429413984
206,Reference case,-,Electric Power,-,Electricity Generation,Electricity,Conventional Hydroelectric Power,Hydroelectric,2034,BkWh,271.21372544740564
207,Reference case,-,Electric Power,-,Electricity Generation,Electricity,Distributed Generation,Other,2034,BkWh,1.845599750390288
208,Reference case,-,Electric Power,-,Electricity Generation,Electricity,Geothermal,Geothermal,2034,BkWh,21.783319123485704
209,Reference case,-,Electric Power,-,Electricity Generation,Electricity,Municipal Waste,Other,2034,BkWh,0.4958251349299717
210,Reference case,-,Electric Power,-,Electricity Generation,Electricity,Natural Gas,Natural Gas,2034,BkWh,969.6689071038473
211,Reference case,-,Electric Power,-,Electricity Generation,Electricity,Nuclear,Nuclear,2034,BkWh,659.0190072657879
212,Reference case,-,Electric Power,-,Electricity Generation,Electricity,Offshore Wind,Wind,2034,BkWh,47.869598438351176
213,Reference case,-,Electric Power,-,Electricity Generation,Electricity,Other,Other,2034,BkWh,1.7818756471398354
214,Reference case,-,Electric Power,-,Electricity Generation,Electricity,Other Gaseous Fuels,Other,2034,BkWh,11.421350302919766
215,Reference case,-,Electric Power,-,Electricity Generation,Electricity,Petroleum,Petroleum,2034,BkWh,6.640325890845411
216,Reference case,-,Electric Power,-,Electricity Generation,Electricity,Pumped Storage and Other,Other,2034,BkWh,-9.430007646528447
217,Reference case,-,Electric Power,-,Electricity Generation,Electricity,Solar Photovoltaic,Solar,2034,BkWh,1041.4547757171235
218,Reference case,-,Electric Power,-,Electricity Generation,Electricity,Solar Thermal,Solar,2034,BkWh,2.319198401675034
219,Reference case,-,Electric Power,-,Electricity Generation,Electricity,Wind,Wind,2034,BkWh,972.1045860057301
220,Reference case,-,Electric Power,-,Electricity Generation,Electricity,Wood and Other Biomass,Biomass,2034,BkWh,36.72031123133733
221,Reference case,-,Electric Power,-,Electricity Generation,Electricity,Biogenic Municipal Waste,Biomass,2035,BkWh,23.323828082966084
222,Reference case,-,Electric Power,-,Electricity Generation,Electricity,Coal,Coal,2035,BkWh,329.5084764982797
223,Reference case,-,Electric Power,-,Electricity Generation,Electricity,Conventional Hydroelectric Power,Hydroelectric,2035,BkWh,271.2195815576099
224,Reference case,-,Electric Power,-,Electricity Generation,Electricity,Distributed Generation,Other,2035,BkWh,2.167595021396132
225,Reference case,-,Electric Power,-,Electricity Generation,Electricity,Geothermal,Geothermal,2035,BkWh,22.419540830755857
226,Reference case,-,Electric Power,-,Electricity Generation,Electricity,Municipal Waste,Other,2035,BkWh,0.49592364411980827
227,Reference case,-,Electric Power,-,Electricity Generation,Electricity,Natural Gas,Natural Gas,2035,BkWh,962.0117114851281
228,Reference case,-,Electric Power,-,Electricity Generation,Electricity,Nuclear,Nuclear,2035,BkWh,651.2003404649023
229,Reference case,-,Electric Power,-,Electricity Generation,Electricity,Offshore Wind,Wind,2035,BkWh,72.75830018412522
230,Reference case,-,Electric Power,-,Electricity Generation,Electricity,Other,Other,2035,BkWh,1.782229665349126
231,Reference case,-,Electric Power,-,Electricity Generation,Electricity,Other Gaseous Fuels,Other,2035,BkWh,11.42361946574738
232,Reference case,-,Electric Power,-,Electricity Generation,Electricity,Petroleum,Petroleum,2035,BkWh,6.6258405015961195
233,Reference case,-,Electric Power,-,Electricity Generation,Electricity,Pumped Storage and Other,Other,2035,BkWh,-10.657776556552669
234,Reference case,-,Electric Power,-,Electricity Generation,Electricity,Solar Photovoltaic,Solar,2035,BkWh,1068.4450696811143
235,Reference case,-,Electric Power,-,Electricity Generation,Electricity,Solar Thermal,Solar,2035,BkWh,2.3064300165938945
236,Reference case,-,Electric Power,-,Electricity Generation,Electricity,Wind,Wind,2035,BkWh,975.299524094681
237,Reference case,-,Electric Power,-,Electricity Generation,Electricity,Wood and Other Biomass,Biomass,2035,BkWh,36.880756330247735
238,Reference case,-,Electric Power,-,Electricity Generation,Electricity,Biogenic Municipal Waste,Biomass,2036,BkWh,24.304637298951196
239,Reference case,-,Electric Power,-,Electricity Generation,Electricity,Coal,Coal,2036,BkWh,326.11736529028315
240,Reference case,-,Electric Power,-,Electricity Generation,Electricity,Conventional Hydroelectric Power,Hydroelectric,2036,BkWh,271.2413757101942
241,Reference case,-,Electric Power,-,Electricity Generation,Electricity,Distributed Generation,Other,2036,BkWh,2.4838588099820593
242,Reference case,-,Electric Power,-,Electricity Generation,Electricity,Geothermal,Geothermal,2036,BkWh,23.419059612760464
243,Reference case,-,Electric Power,-,Electricity Generation,Electricity,Municipal Waste,Other,2036,BkWh,0.4956102133213559
244,Reference case,-,Electric Power,-,Electricity Generation,Electricity,Natural Gas,Natural Gas,2036,BkWh,963.8038827639784
245,Reference case,-,Electric Power,-,Electricity Generation,Electricity,Nuclear,Nuclear,2036,BkWh,635.8300111402924
246,Reference case,-,Electric Power,-,Electricity Generation,Electricity,Offshore Wind,Wind,2036,BkWh,81.40811118636655
247,Reference case,-,Electric Power,-,Electricity Generation,Electricity,Other,Other,2036,BkWh,1.7811032708453365
248,Reference case,-,Electric Power,-,Electricity Generation,Electricity,Other Gaseous Fuels,Other,2036,BkWh,11.41639957572435
249,Reference case,-,Electric Power,-,Electricity Generation,Electricity,Petroleum,Petroleum,2036,BkWh,6.539833223865759
250,Reference case,-,Electric Power,-,Electricity Generation,Electricity,Pumped Storage and Other,Other,2036,BkWh,-12.041762844425342
251,Reference case,-,Electric Power,-,Electricity Generation,Electricity,Solar Photovoltaic,Solar,2036,BkWh,1112.3287526800289
252,Reference case,-,Electric Power,-,Electricity Generation,Electricity,Solar Thermal,Solar,2036,BkWh,2.206209078393386
253,Reference case,-,Electric Power,-,Electricity Generation,Electricity,Wind,Wind,2036,BkWh,977.6854463137752
254,Reference case,-,Electric Power,-,Electricity Generation,Electricity,Wood and Other Biomass,Biomass,2036,BkWh,36.96680526496426
255,Reference case,-,Electric Power,-,Electricity Generation,Electricity,Biogenic Municipal Waste,Biomass,2037,BkWh,25.332328460956845
256,Reference case,-,Electric Power,-,Electricity Generation,Electricity,Coal,Coal,2037,BkWh,318.48085763990315
257,Reference case,-,Electric Power,-,Electricity Generation,Electricity,Conventional Hydroelectric Power,Hydroelectric,2037,BkWh,270.31169708590033
258,Reference case,-,Electric Power,-,Electricity Generation,Electricity,Distributed Generation,Other,2037,BkWh,2.8873578006706824
259,Reference case,-,Electric Power,-,Electricity Generation,Electricity,Geothermal,Geothermal,2037,BkWh,24.221140457919688
260,Reference case,-,Electric Power,-,Electricity Generation,Electricity,Municipal Waste,Other,2037,BkWh,0.4957237258141687
261,Reference case,-,Electric Power,-,Electricity Generation,Electricity,Natural Gas,Natural Gas,2037,BkWh,975.2375024257984
262,Reference case,-,Electric Power,-,Electricity Generation,Electricity,Nuclear,Nuclear,2037,BkWh,625.8135424859456
263,Reference case,-,Electric Power,-,Electricity Generation,Electricity,Offshore Wind,Wind,2037,BkWh,82.43195872267177
264,Reference case,-,Electric Power,-,Electricity Generation,Electricity,Other,Other,2037,BkWh,1.7815112072978072
265,Reference case,-,Electric Power,-,Electricity Generation,Electricity,Other Gaseous Fuels,Other,2037,BkWh,11.419014340190365
266,Reference case,-,Electric Power,-,Electricity Generation,Electricity,Petroleum,Petroleum,2037,BkWh,6.370298119772183
267,Reference case,-,Electric Power,-,Electricity Generation,Electricity,Pumped Storage and Other,Other,2037,BkWh,-14.023302531884848
268,Reference case,-,Electric Power,-,Electricity Generation,Electricity,Solar Photovoltaic,Solar,2037,BkWh,1156.9167223273878
269,Reference case,-,Electric Power,-,Electricity Generation,Electricity,Solar Thermal,Solar,2037,BkWh,2.220225495969271
270,Reference case,-,Electric Power,-,Electricity Generation,Electricity,Wind,Wind,2037,BkWh,979.04192959449
271,Reference case,-,Electric Power,-,Electricity Generation,Electricity,Wood and Other Biomass,Biomass,2037,BkWh,37.145142761174256
272,Reference case,-,Electric Power,-,Electricity Generation,Electricity,Biogenic Municipal Waste,Biomass,2038,BkWh,26.53739667695361
273,Reference case,-,Electric Power,-,Electricity Generation,Electricity,Coal,Coal,2038,BkWh,307.0311240498864
274,Reference case,-,Electric Power,-,Electricity Generation,Electricity,Conventional Hydroelectric Power,Hydroelectric,2038,BkWh,269.7384447776224
275,Reference case,-,Electric Power,-,Electricity Generation,Electricity,Distributed Generation,Other,2038,BkWh,3.3353412067305857
276,Reference case,-,Electric Power,-,Electricity Generation,Electricity,Geothermal,Geothermal,2038,BkWh,24.983554948047804
277,Reference case,-,Electric Power,-,Electricity Generation,Electricity,Municipal Waste,Other,2038,BkWh,0.4956069140509725
278,Reference case,-,Electric Power,-,Electricity Generation,Electricity,Natural Gas,Natural Gas,2038,BkWh,997.2780998829439
279,Reference case,-,Electric Power,-,Electricity Generation,Electricity,Nuclear,Nuclear,2038,BkWh,608.3651500445687
280,Reference case,-,Electric Power,-,Electricity Generation,Electricity,Offshore Wind,Wind,2038,BkWh,79.85203577981176
281,Reference case,-,Electric Power,-,Electricity Generation,Electricity,Other,Other,2038,BkWh,1.781091414065324
282,Reference case,-,Electric Power,-,Electricity Generation,Electricity,Other Gaseous Fuels,Other,2038,BkWh,11.416323576909166
283,Reference case,-,Electric Power,-,Electricity Generation,Electricity,Petroleum,Petroleum,2038,BkWh,6.117071885164176
284,Reference case,-,Electric Power,-,Electricity Generation,Electricity,Pumped Storage and Other,Other,2038,BkWh,-16.21155517672878
285,Reference case,-,Electric Power,-,Electricity Generation,Electricity,Solar Photovoltaic,Solar,2038,BkWh,1202.0344731143691
286,Reference case,-,Electric Power,-,Electricity Generation,Electricity,Solar Thermal,Solar,2038,BkWh,2.261203059619298
287,Reference case,-,Electric Power,-,Electricity Generation,Electricity,Wind,Wind,2038,BkWh,981.3876007204797
288,Reference case,-,Electric Power,-,Electricity Generation,Electricity,Wood and Other Biomass,Biomass,2038,BkWh,37.2697059332776
289,Reference case,-,Electric Power,-,Electricity Generation,Electricity,Biogenic Municipal Waste,Biomass,2039,BkWh,27.66050194391494
290,Reference case,-,Electric Power,-,Electricity Generation,Electricity,Coal,Coal,2039,BkWh,299.8235693011029
291,Reference case,-,Electric Power,-,Electricity Generation,Electricity,Conventional Hydroelectric Power,Hydroelectric,2039,BkWh,268.78707617118476
292,Reference case,-,Electric Power,-,Electricity Generation,Electricity,Distributed Generation,Other,2039,BkWh,3.710487588364162
293,Reference case,-,Electric Power,-,Electricity Generation,Electricity,Geothermal,Geothermal,2039,BkWh,25.418841282928884
294,Reference case,-,Electric Power,-,Electricity Generation,Electricity,Municipal Waste,Other,2039,BkWh,0.49561288369583284
295,Reference case,-,Electric Power,-,Electricity Generation,Electricity,Natural Gas,Natural Gas,2039,BkWh,1009.7360320401648
296,Reference case,-,Electric Power,-,Electricity Generation,Electricity,Nuclear,Nuclear,2039,BkWh,599.2120927770566
297,Reference case,-,Electric Power,-,Electricity Generation,Electricity,Offshore Wind,Wind,2039,BkWh,80.86650634101677
298,Reference case,-,Electric Power,-,Electricity Generation,Electricity,Other,Other,2039,BkWh,1.7811128675255246
299,Reference case,-,Electric Power,-,Electricity Generation,Electricity,Other Gaseous Fuels,Other,2039,BkWh,11.416461087899092
300,Reference case,-,Electric Power,-,Electricity Generation,Electricity,Petroleum,Petroleum,2039,BkWh,6.013770337385868
301,Reference case,-,Electric Power,-,Electricity Generation,Electricity,Pumped Storage and Other,Other,2039,BkWh,-18.620323279810215
302,Reference case,-,Electric Power,-,Electricity Generation,Electricity,Solar Photovoltaic,Solar,2039,BkWh,1235.5001443343394
303,Reference case,-,Electric Power,-,Electricity Generation,Electricity,Solar Thermal,Solar,2039,BkWh,2.297492635640594
304,Reference case,-,Electric Power,-,Electricity Generation,Electricity,Wind,Wind,2039,BkWh,988.0578205845806
305,Reference case,-,Electric Power,-,Electricity Generation,Electricity,Wood and Other Biomass,Biomass,2039,BkWh,37.439185448181185
306,Reference case,-,Electric Power,-,Electricity Generation,Electricity,Biogenic Municipal Waste,Biomass,2040,BkWh,28.51107346289569
307,Reference case,-,Electric Power,-,Electricity Generation,Electricity,Coal,Coal,2040,BkWh,292.22671874221794
308,Reference case,-,Electric Power,-,Electricity Generation,Electricity,Conventional Hydroelectric Power,Hydroelectric,2040,BkWh,268.68993618200057
309,Reference case,-,Electric Power,-,Electricity Generation,Electricity,Distributed Generation,Other,2040,BkWh,4.115957197043134
310,Reference case,-,Electric Power,-,Electricity Generation,Electricity,Geothermal,Geothermal,2040,BkWh,25.824906062021025
311,Reference case,-,Electric Power,-,Electricity Generation,Electricity,Municipal Waste,Other,2040,BkWh,0.49549526660550713
312,Reference case,-,Electric Power,-,Electricity Generation,Electricity,Natural Gas,Natural Gas,2040,BkWh,1032.0910570668411
313,Reference case,-,Electric Power,-,Electricity Generation,Electricity,Nuclear,Nuclear,2040,BkWh,581.2241963797218
314,Reference case,-,Electric Power,-,Electricity Generation,Electricity,Offshore Wind,Wind,2040,BkWh,79.7700587932354
315,Reference case,-,Electric Power,-,Electricity Generation,Electricity,Other,Other,2040,BkWh,1.7806901801420616
316,Reference case,-,Electric Power,-,Electricity Generation,Electricity,Other Gaseous Fuels,Other,2040,BkWh,11.41375177387771
317,Reference case,-,Electric Power,-,Electricity Generation,Electricity,Petroleum,Petroleum,2040,BkWh,5.92468312721887
318,Reference case,-,Electric Power,-,Electricity Generation,Electricity,Pumped Storage and Other,Other,2040,BkWh,-20.948375061384336
319,Reference case,-,Electric Power,-,Electricity Generation,Electricity,Solar Photovoltaic,Solar,2040,BkWh,1278.1144313366715
320,Reference case,-,Electric Power,-,Electricity Generation,Electricity,Solar Thermal,Solar,2040,BkWh,2.2527814316041033
321,Reference case,-,Electric Power,-,Electricity Generation,Electricity,Wind,Wind,2040,BkWh,988.9143403893826
322,Reference case,-,Electric Power,-,Electricity Generation,Electricity,Wood and Other Biomass,Biomass,2040,BkWh,37.55577647930371
323,Reference case,-,Electric Power,-,Electricity Generation,Electricity,Biogenic Municipal Waste,Biomass,2041,BkWh,29.391864335620326
324,Reference case,-,Electric Power,-,Electricity Generation,Electricity,Coal,Coal,2041,BkWh,293.673631771589
325,Reference case,-,Electric Power,-,Electricity Generation,Electricity,Conventional Hydroelectric Power,Hydroelectric,2041,BkWh,267.98268618243054
326,Reference case,-,Electric Power,-,Electricity Generation,Electricity,Distributed Generation,Other,2041,BkWh,4.623766514062273
327,Reference case,-,Electric Power,-,Electricity Generation,Electricity,Geothermal,Geothermal,2041,BkWh,26.49554278287939
328,Reference case,-,Electric Power,-,Electricity Generation,Electricity,Municipal Waste,Other,2041,BkWh,0.49531652903652906
329,Reference case,-,Electric Power,-,Electricity Generation,Electricity,Natural Gas,Natural Gas,2041,BkWh,1041.978350006665
330,Reference case,-,Electric Power,-,Electricity Generation,Electricity,Nuclear,Nuclear,2041,BkWh,581.1715950400735
331,Reference case,-,Electric Power,-,Electricity Generation,Electricity,Offshore Wind,Wind,2041,BkWh,80.23002304367299
332,Reference case,-,Electric Power,-,Electricity Generation,Electricity,Other,Other,2041,BkWh,1.7800478405369182
333,Reference case,-,Electric Power,-,Electricity Generation,Electricity,Other Gaseous Fuels,Other,2041,BkWh,11.409634547372281
334,Reference case,-,Electric Power,-,Electricity Generation,Electricity,Petroleum,Petroleum,2041,BkWh,5.669167916726929
335,Reference case,-,Electric Power,-,Electricity Generation,Electricity,Pumped Storage and Other,Other,2041,BkWh,-22.882896245782185
336,Reference case,-,Electric Power,-,Electricity Generation,Electricity,Solar Photovoltaic,Solar,2041,BkWh,1305.299210064999
337,Reference case,-,Electric Power,-,Electricity Generation,Electricity,Solar Thermal,Solar,2041,BkWh,2.2332515954741115
338,Reference case,-,Electric Power,-,Electricity Generation,Electricity,Wind,Wind,2041,BkWh,993.8523377451085
339,Reference case,-,Electric Power,-,Electricity Generation,Electricity,Wood and Other Biomass,Biomass,2041,BkWh,37.6513710391961
340,Reference case,-,Electric Power,-,Electricity Generation,Electricity,Biogenic Municipal Waste,Biomass,2042,BkWh,30.301214528732114
341,Reference case,-,Electric Power,-,Electricity Generation,Electricity,Coal,Coal,2042,BkWh,293.16781621756485
342,Reference case,-,Electric Power,-,Electricity Generation,Electricity,Conventional Hydroelectric Power,Hydroelectric,2042,BkWh,267.95188747861994
343,Reference case,-,Electric Power,-,Electricity Generation,Electricity,Distributed Generation,Other,2042,BkWh,5.117213067543646
344,Reference case,-,Electric Power,-,Electricity Generation,Electricity,Geothermal,Geothermal,2042,BkWh,27.174174715791718
345,Reference case,-,Electric Power,-,Electricity Generation,Electricity,Municipal Waste,Other,2042,BkWh,0.4949549604334583
346,Reference case,-,Electric Power,-,Electricity Generation,Electricity,Natural Gas,Natural Gas,2042,BkWh,1055.575788926894
347,Reference case,-,Electric Power,-,Electricity Generation,Electricity,Nuclear,Nuclear,2042,BkWh,581.0247595828497
348,Reference case,-,Electric Power,-,Electricity Generation,Electricity,Offshore Wind,Wind,2042,BkWh,79.94649761893031
349,Reference case,-,Electric Power,-,Electricity Generation,Electricity,Other,Other,2042,BkWh,1.7787484504027875
350,Reference case,-,Electric Power,-,Electricity Generation,Electricity,Other Gaseous Fuels,Other,2042,BkWh,11.401305801241266
351,Reference case,-,Electric Power,-,Electricity Generation,Electricity,Petroleum,Petroleum,2042,BkWh,5.369199336992576
352,Reference case,-,Electric Power,-,Electricity Generation,Electricity,Pumped Storage and Other,Other,2042,BkWh,-24.390084161652723
353,Reference case,-,Electric Power,-,Electricity Generation,Electricity,Solar Photovoltaic,Solar,2042,BkWh,1334.439054031105
354,Reference case,-,Electric Power,-,Electricity Generation,Electricity,Solar Thermal,Solar,2042,BkWh,2.1530308701995637
355,Reference case,-,Electric Power,-,Electricity Generation,Electricity,Wind,Wind,2042,BkWh,994.7303967482896
356,Reference case,-,Electric Power,-,Electricity Generation,Electricity,Wood and Other Biomass,Biomass,2042,BkWh,37.730480315732855
357,Reference case,-,Electric Power,-,Electricity Generation,Electricity,Biogenic Municipal Waste,Biomass,2043,BkWh,31.198125680386774
358,Reference case,-,Electric Power,-,Electricity Generation,Electricity,Coal,Coal,2043,BkWh,289.627214726659
359,Reference case,-,Electric Power,-,Electricity Generation,Electricity,Conventional Hydroelectric Power,Hydroelectric,2043,BkWh,267.2866444945867
360,Reference case,-,Electric Power,-,Electricity Generation,Electricity,Distributed Generation,Other,2043,BkWh,5.673871085284202
361,Reference case,-,Electric Power,-,Electricity Generation,Electricity,Geothermal,Geothermal,2043,BkWh,27.64983794264252
362,Reference case,-,Electric Power,-,Electricity Generation,Electricity,Municipal Waste,Other,2043,BkWh,0.4945551080826573
363,Reference case,-,Electric Power,-,Electricity Generation,Electricity,Natural Gas,Natural Gas,2043,BkWh,1064.6891549596824
364,Reference case,-,Electric Power,-,Electricity Generation,Electricity,Nuclear,Nuclear,2043,BkWh,580.7925859980442
365,Reference case,-,Electric Power,-,Electricity Generation,Electricity,Offshore Wind,Wind,2043,BkWh,79.70336032235795
366,Reference case,-,Electric Power,-,Electricity Generation,Electricity,Other,Other,2043,BkWh,1.777311477736114
367,Reference case,-,Electric Power,-,Electricity Generation,Electricity,Other Gaseous Fuels,Other,2043,BkWh,11.39209518756677
368,Reference case,-,Electric Power,-,Electricity Generation,Electricity,Petroleum,Petroleum,2043,BkWh,5.063857329777228
369,Reference case,-,Electric Power,-,Electricity Generation,Electricity,Pumped Storage and Other,Other,2043,BkWh,-25.833277796832945
370,Reference case,-,Electric Power,-,Electricity Generation,Electricity,Solar Photovoltaic,Solar,2043,BkWh,1368.3067649157406
371,Reference case,-,Electric Power,-,Electricity Generation,Electricity,Solar Thermal,Solar,2043,BkWh,2.048203718181052
372,Reference case,-,Electric Power,-,Electricity Generation,Electricity,Wind,Wind,2043,BkWh,999.8721900058797
373,Reference case,-,Electric Power,-,Electricity Generation,Electricity,Wood and Other Biomass,Biomass,2043,BkWh,37.88443783564476
374,Reference case,-,Electric Power,-,Electricity Generation,Electricity,Biogenic Municipal Waste,Biomass,2044,BkWh,32.12230280276188
375,Reference case,-,Electric Power,-,Electricity Generation,Electricity,Coal,Coal,2044,BkWh,278.65191756582783
376,Reference case,-,Electric Power,-,Electricity Generation,Electricity,Conventional Hydroelectric Power,Hydroelectric,2044,BkWh,266.99324695276533
377,Reference case,-,Electric Power,-,Electricity Generation,Electricity,Distributed Generation,Other,2044,BkWh,6.284685993781497
378,Reference case,-,Electric Power,-,Electricity Generation,Electricity,Geothermal,Geothermal,2044,BkWh,28.224848383691402
379,Reference case,-,Electric Power,-,Electricity Generation,Electricity,Municipal Waste,Other,2044,BkWh,0.49413406704241863
380,Reference case,-,Electric Power,-,Electricity Generation,Electricity,Natural Gas,Natural Gas,2044,BkWh,1066.7536291939293
381,Reference case,-,Electric Power,-,Electricity Generation,Electricity,Nuclear,Nuclear,2044,BkWh,580.561098633755
382,Reference case,-,Electric Power,-,Electricity Generation,Electricity,Offshore Wind,Wind,2044,BkWh,80.03304630776388
383,Reference case,-,Electric Power,-,Electricity Generation,Electricity,Other,Other,2044,BkWh,1.775798358042911
384,Reference case,-,Electric Power,-,Electricity Generation,Electricity,Other Gaseous Fuels,Other,2044,BkWh,11.382395564880374
385,Reference case,-,Electric Power,-,Electricity Generation,Electricity,Petroleum,Petroleum,2044,BkWh,4.737027290042257
386,Reference case,-,Electric Power,-,Electricity Generation,Electricity,Pumped Storage and Other,Other,2044,BkWh,-27.941591993510265
387,Reference case,-,Electric Power,-,Electricity Generation,Electricity,Solar Photovoltaic,Solar,2044,BkWh,1413.102274457251
388,Reference case,-,Electric Power,-,Electricity Generation,Electricity,Solar Thermal,Solar,2044,BkWh,2.0126181197623123
389,Reference case,-,Electric Power,-,Electricity Generation,Electricity,Wind,Wind,2044,BkWh,1007.8371424682027
390,Reference case,-,Electric Power,-,Electricity Generation,Electricity,Wood and Other Biomass,Biomass,2044,BkWh,37.945766108376404
391,Reference case,-,Electric Power,-,Electricity Generation,Electricity,Biogenic Municipal Waste,Biomass,2045,BkWh,33.03314064158296
392,Reference case,-,Electric Power,-,Electricity Generation,Electricity,Coal,Coal,2045,BkWh,270.4796282545111
393,Reference case,-,Electric Power,-,Electricity Generation,Electricity,Conventional Hydroelectric Power,Hydroelectric,2045,BkWh,266.4150936522809
394,Reference case,-,Electric Power,-,Electricity Generation,Electricity,Distributed Generation,Other,2045,BkWh,6.987524918311709
395,Reference case,-,Electric Power,-,Electricity Generation,Electricity,Geothermal,Geothermal,2045,BkWh,29.137051493803682
396,Reference case,-,Electric Power,-,Electricity Generation,Electricity,Municipal Waste,Other,2045,BkWh,0.4933545777873141
397,Reference case,-,Electric Power,-,Electricity Generation,Electricity,Natural Gas,Natural Gas,2045,BkWh,1073.624130519465
398,Reference case,-,Electric Power,-,Electricity Generation,Electricity,Nuclear,Nuclear,2045,BkWh,579.6475315987819
399,Reference case,-,Electric Power,-,Electricity Generation,Electricity,Offshore Wind,Wind,2045,BkWh,80.0574740058017
400,Reference case,-,Electric Power,-,Electricity Generation,Electricity,Other,Other,2045,BkWh,1.7729970621362925
401,Reference case,-,Electric Power,-,Electricity Generation,Electricity,Other Gaseous Fuels,Other,2045,BkWh,11.152488517231049
402,Reference case,-,Electric Power,-,Electricity Generation,Electricity,Petroleum,Petroleum,2045,BkWh,4.393449374629272
403,Reference case,-,Electric Power,-,Electricity Generation,Electricity,Pumped Storage and Other,Other,2045,BkWh,-29.72177632392264
404,Reference case,-,Electric Power,-,Electricity Generation,Electricity,Solar Photovoltaic,Solar,2045,BkWh,1453.4844382315578
405,Reference case,-,Electric Power,-,Electricity Generation,Electricity,Solar Thermal,Solar,2045,BkWh,1.9634629454145824
406,Reference case,-,Electric Power,-,Electricity Generation,Electricity,Wind,Wind,2045,BkWh,1013.4998544092638
407,Reference case,-,Electric Power,-,Electricity Generation,Electricity,Wood and Other Biomass,Biomass,2045,BkWh,38.01493001632146
408,Reference case,-,Electric Power,-,Electricity Generation,Electricity,Biogenic Municipal Waste,Biomass,2046,BkWh,33.64862458390883
409,Reference case,-,Electric Power,-,Electricity Generation,Electricity,Coal,Coal,2046,BkWh,261.65094716368964
410,Reference case,-,Electric Power,-,Electricity Generation,Electricity,Conventional Hydroelectric Power,Hydroelectric,2046,BkWh,265.74832609517927
411,Reference case,-,Electric Power,-,Electricity Generation,Electricity,Distributed Generation,Other,2046,BkWh,7.715739810143404
412,Reference case,-,Electric Power,-,Electricity Generation,Electricity,Geothermal,Geothermal,2046,BkWh,30.51058038910525
413,Reference case,-,Electric Power,-,Electricity Generation,Electricity,Municipal Waste,Other,2046,BkWh,0.49351680993620806
414,Reference case,-,Electric Power,-,Electricity Generation,Electricity,Natural Gas,Natural Gas,2046,BkWh,1073.4154773069354
415,Reference case,-,Electric Power,-,Electricity Generation,Electricity,Nuclear,Nuclear,2046,BkWh,579.6140811309034
416,Reference case,-,Electric Power,-,Electricity Generation,Electricity,Offshore Wind,Wind,2046,BkWh,79.89660429543672
417,Reference case,-,Electric Power,-,Electricity Generation,Electricity,Other,Other,2046,BkWh,1.7735800852525734
418,Reference case,-,Electric Power,-,Electricity Generation,Electricity,Other Gaseous Fuels,Other,2046,BkWh,11.133887514903927
419,Reference case,-,Electric Power,-,Electricity Generation,Electricity,Petroleum,Petroleum,2046,BkWh,4.35908779130235
420,Reference case,-,Electric Power,-,Electricity Generation,Electricity,Pumped Storage and Other,Other,2046,BkWh,-30.886182798774037
421,Reference case,-,Electric Power,-,Electricity Generation,Electricity,Solar Photovoltaic,Solar,2046,BkWh,1512.951340265704
422,Reference case,-,Electric Power,-,Electricity Generation,Electricity,Solar Thermal,Solar,2046,BkWh,1.936480989133257
423,Reference case,-,Electric Power,-,Electricity Generation,Electricity,Wind,Wind,2046,BkWh,1015.1902441115885
424,Reference case,-,Electric Power,-,Electricity Generation,Electricity,Wood and Other Biomass,Biomass,2046,BkWh,38.54446350878164
425,Reference case,-,Electric Power,-,Electricity Generation,Electricity,Biogenic Municipal Waste,Biomass,2047,BkWh,34.35544198227695
426,Reference case,-,Electric Power,-,Electricity Generation,Electricity,Coal,Coal,2047,BkWh,257.12803124143676
427,Reference case,-,Electric Power,-,Electricity Generation,Electricity,Conventional Hydroelectric Power,Hydroelectric,2047,BkWh,265.40024572412204
428,Reference case,-,Electric Power,-,Electricity Generation,Electricity,Distributed Generation,Other,2047,BkWh,8.46576540584966
429,Reference case,-,Electric Power,-,Electricity Generation,Electricity,Geothermal,Geothermal,2047,BkWh,31.886677053988805
430,Reference case,-,Electric Power,-,Electricity Generation,Electricity,Municipal Waste,Other,2047,BkWh,0.4932981573179736
431,Reference case,-,Electric Power,-,Electricity Generation,Electricity,Natural Gas,Natural Gas,2047,BkWh,1077.371474626813
432,Reference case,-,Electric Power,-,Electricity Generation,Electricity,Nuclear,Nuclear,2047,BkWh,579.1772012564527
433,Reference case,-,Electric Power,-,Electricity Generation,Electricity,Offshore Wind,Wind,2047,BkWh,79.24186054525205
434,Reference case,-,Electric Power,-,Electricity Generation,Electricity,Other,Other,2047,BkWh,1.7727943006116427
435,Reference case,-,Electric Power,-,Electricity Generation,Electricity,Other Gaseous Fuels,Other,2047,BkWh,11.125102113173401
436,Reference case,-,Electric Power,-,Electricity Generation,Electricity,Petroleum,Petroleum,2047,BkWh,4.363312778561391
437,Reference case,-,Electric Power,-,Electricity Generation,Electricity,Pumped Storage and Other,Other,2047,BkWh,-32.123002750601664
438,Reference case,-,Electric Power,-,Electricity Generation,Electricity,Solar Photovoltaic,Solar,2047,BkWh,1553.9988863431572
439,Reference case,-,Electric Power,-,Electricity Generation,Electricity,Solar Thermal,Solar,2047,BkWh,1.9080206132554736
440,Reference case,-,Electric Power,-,Electricity Generation,Electricity,Wind,Wind,2047,BkWh,1026.2532028081273
441,Reference case,-,Electric Power,-,Electricity Generation,Electricity,Wood and Other Biomass,Biomass,2047,BkWh,38.75057146501331
442,Reference case,-,Electric Power,-,Electricity Generation,Electricity,Biogenic Municipal Waste,Biomass,2048,BkWh,34.97541003682443
443,Reference case,-,Electric Power,-,Electricity Generation,Electricity,Coal,Coal,2048,BkWh,247.58827283604376
444,Reference case,-,Electric Power,-,Electricity Generation,Electricity,Conventional Hydroelectric Power,Hydroelectric,2048,BkWh,265.08631029564094
445,Reference case,-,Electric Power,-,Electricity Generation,Electricity,Distributed Generation,Other,2048,BkWh,9.20240341958702
446,Reference case,-,Electric Power,-,Electricity Generation,Electricity,Geothermal,Geothermal,2048,BkWh,32.72605760939042
447,Reference case,-,Electric Power,-,Electricity Generation,Electricity,Municipal Waste,Other,2048,BkWh,0.4930020127124929
448,Reference case,-,Electric Power,-,Electricity Generation,Electricity,Natural Gas,Natural Gas,2048,BkWh,1088.598422034954
449,Reference case,-,Electric Power,-,Electricity Generation,Electricity,Nuclear,Nuclear,2048,BkWh,578.0335293103573
450,Reference case,-,Electric Power,-,Electricity Generation,Electricity,Offshore Wind,Wind,2048,BkWh,79.34510574252899
451,Reference case,-,Electric Power,-,Electricity Generation,Electricity,Other,Other,2048,BkWh,1.7717300285056865
452,Reference case,-,Electric Power,-,Electricity Generation,Electricity,Other Gaseous Fuels,Other,2048,BkWh,11.15600641949164
453,Reference case,-,Electric Power,-,Electricity Generation,Electricity,Petroleum,Petroleum,2048,BkWh,4.33931831571926
454,Reference case,-,Electric Power,-,Electricity Generation,Electricity,Pumped Storage and Other,Other,2048,BkWh,-33.437554067892286
455,Reference case,-,Electric Power,-,Electricity Generation,Electricity,Solar Photovoltaic,Solar,2048,BkWh,1592.9320931294071
456,Reference case,-,Electric Power,-,Electricity Generation,Electricity,Solar Thermal,Solar,2048,BkWh,1.890080839899865
457,Reference case,-,Electric Power,-,Electricity Generation,Electricity,Wind,Wind,2048,BkWh,1035.8781924402151
458,Reference case,-,Electric Power,-,Electricity Generation,Electricity,Wood and Other Biomass,Biomass,2048,BkWh,38.88061880427788
459,Reference case,-,Electric Power,-,Electricity Generation,Electricity,Biogenic Municipal Waste,Biomass,2049,BkWh,35.60665727905935
460,Reference case,-,Electric Power,-,Electricity Generation,Electricity,Coal,Coal,2049,BkWh,245.9709073279163
461,Reference case,-,Electric Power,-,Electricity Generation,Electricity,Conventional Hydroelectric Power,Hydroelectric,2049,BkWh,264.44179531930826
462,Reference case,-,Electric Power,-,Electricity Generation,Electricity,Distributed Generation,Other,2049,BkWh,9.99951178295921
463,Reference case,-,Electric Power,-,Electricity Generation,Electricity,Geothermal,Geothermal,2049,BkWh,33.683877740764395
464,Reference case,-,Electric Power,-,Electricity Generation,Electricity,Municipal Waste,Other,2049,BkWh,0.49283931870249964
465,Reference case,-,Electric Power,-,Electricity Generation,Electricity,Natural Gas,Natural Gas,2049,BkWh,1093.588331530344
466,Reference case,-,Electric Power,-,Electricity Generation,Electricity,Nuclear,Nuclear,2049,BkWh,577.9519415872584
467,Reference case,-,Electric Power,-,Electricity Generation,Electricity,Offshore Wind,Wind,2049,BkWh,78.47994182603841
468,Reference case,-,Electric Power,-,Electricity Generation,Electricity,Other,Other,2049,BkWh,1.7711453455722903
469,Reference case,-,Electric Power,-,Electricity Generation,Electricity,Other Gaseous Fuels,Other,2049,BkWh,11.134817872097145
470,Reference case,-,Electric Power,-,Electricity Generation,Electricity,Petroleum,Petroleum,2049,BkWh,4.351379818811405
471,Reference case,-,Electric Power,-,Electricity Generation,Electricity,Pumped Storage and Other,Other,2049,BkWh,-34.920778905407616
472,Reference case,-,Electric Power,-,Electricity Generation,Electricity,Solar Photovoltaic,Solar,2049,BkWh,1638.5296509706855
473,Reference case,-,Electric Power,-,Electricity Generation,Electricity,Solar Thermal,Solar,2049,BkWh,1.877455476714891
474,Reference case,-,Electric Power,-,Electricity Generation,Electricity,Wind,Wind,2049,BkWh,1039.3685692376923
475,Reference case,-,Electric Power,-,Electricity Generation,Electricity,Wood and Other Biomass,Biomass,2049,BkWh,39.390880885767
476,Reference case,-,Electric Power,-,Electricity Generation,Electricity,Biogenic Municipal Waste,Biomass,2050,BkWh,36.33956467737249
477,Reference case,-,Electric Power,-,Electricity Generation,Electricity,Coal,Coal,2050,BkWh,237.06084606563104
478,Reference case,-,Electric Power,-,Electricity Generation,Electricity,Conventional Hydroelectric Power,Hydroelectric,2050,BkWh,263.1715630347279
479,Reference case,-,Electric Power,-,Electricity Generation,Electricity,Distributed Generation,Other,2050,BkWh,10.83575508136873
480,Reference case,-,Electric Power,-,Electricity Generation,Electricity,Geothermal,Geothermal,2050,BkWh,34.39614128356384
481,Reference case,-,Electric Power,-,Electricity Generation,Electricity,Municipal Waste,Other,2050,BkWh,0.49284978042854677
482,Reference case,-,Electric Power,-,Electricity Generation,Electricity,Natural Gas,Natural Gas,2050,BkWh,1106.6935210355512
483,Reference case,-,Electric Power,-,Electricity Generation,Electricity,Nuclear,Nuclear,2050,BkWh,577.5958547886903
484,Reference case,-,Electric Power,-,Electricity Generation,Electricity,Offshore Wind,Wind,2050,BkWh,78.55826577954535
485,Reference case,-,Electric Power,-,Electricity Generation,Electricity,Other,Other,2050,BkWh,1.7711829424861156
486,Reference case,-,Electric Power,-,Electricity Generation,Electricity,Other Gaseous Fuels,Other,2050,BkWh,11.096208969515342
487,Reference case,-,Electric Power,-,Electricity Generation,Electricity,Petroleum,Petroleum,2050,BkWh,4.337687220412539
488,Reference case,-,Electric Power,-,Electricity Generation,Electricity,Pumped Storage and Other,Other,2050,BkWh,-36.51178201971775
489,Reference case,-,Electric Power,-,Electricity Generation,Electricity,Solar Photovoltaic,Solar,2050,BkWh,1687.8309282732132
490,Reference case,-,Electric Power,-,Electricity Generation,Electricity,Solar Thermal,Solar,2050,BkWh,1.9002243960245184
491,Reference case,-,Electric Power,-,Electricity Generation,Electricity,Wind,Wind,2050,BkWh,1047.044155586469
492,Reference case,-,Electric Power,-,Electricity Generation,Electricity,Wood and Other Biomass,Biomass,2050,BkWh,39.66791555059811
