Year,Energy carrier,Energy carrier type,Unit,Value
2020,Sustainable Aviation Fuel,"FT-Synthesis, MSW",mmbtu,0
2021,Sustainable Aviation Fuel,"FT-Synthesis, MSW",mmbtu,0
2022,Sustainable Aviation Fuel,"FT-Synthesis, MSW",mmbtu,0
2023,Sustainable Aviation Fuel,"FT-Synthesis, MSW",mmbtu,0
2024,Sustainable Aviation Fuel,"FT-Synthesis, MSW",mmbtu,0
2025,Sustainable Aviation Fuel,"FT-Synthesis, MSW",mmbtu,0
2026,Sustainable Aviation Fuel,"FT-Synthesis, MSW",mmbtu,0
2027,Sustainable Aviation Fuel,"FT-Synthesis, MSW",mmbtu,0
2028,Sustainable Aviation Fuel,"FT-Synthesis, MSW",mmbtu,0
2029,Sustainable Aviation Fuel,"FT-Synthesis, MSW",mmbtu,0
2030,Sustainable Aviation Fuel,"FT-Synthesis, MSW",mmbtu,0
2031,Sustainable Aviation Fuel,"FT-Synthesis, MSW",mmbtu,0
2032,Sustainable Aviation Fuel,"FT-Synthesis, MSW",mmbtu,14789143.74
2033,Sustainable Aviation Fuel,"FT-Synthesis, MSW",mmbtu,191580689.2
2034,Sustainable Aviation Fuel,"FT-Synthesis, MSW",mmbtu,190992562.1
2035,Sustainable Aviation Fuel,"FT-Synthesis, MSW",mmbtu,190349387.5
2036,Sustainable Aviation Fuel,"FT-Synthesis, MSW",mmbtu,189372877.4
2037,Sustainable Aviation Fuel,"FT-Synthesis, MSW",mmbtu,193003507.3
2038,Sustainable Aviation Fuel,"FT-Synthesis, MSW",mmbtu,198578252.8
2039,Sustainable Aviation Fuel,"FT-Synthesis, MSW",mmbtu,205264964.4
2040,Sustainable Aviation Fuel,"FT-Synthesis, MSW",mmbtu,214878168.9
2041,Sustainable Aviation Fuel,"FT-Synthesis, MSW",mmbtu,221521624.8
2042,Sustainable Aviation Fuel,"FT-Synthesis, MSW",mmbtu,221612573.1
2043,Sustainable Aviation Fuel,"FT-Synthesis, MSW",mmbtu,221567504.2
2044,Sustainable Aviation Fuel,"FT-Synthesis, MSW",mmbtu,222316759.6
2045,Sustainable Aviation Fuel,"FT-Synthesis, MSW",mmbtu,220247020.7
2046,Sustainable Aviation Fuel,"FT-Synthesis, MSW",mmbtu,221661244.5
2047,Sustainable Aviation Fuel,"FT-Synthesis, MSW",mmbtu,220525516
2048,Sustainable Aviation Fuel,"FT-Synthesis, MSW",mmbtu,220283650.3
2049,Sustainable Aviation Fuel,"FT-Synthesis, MSW",mmbtu,221316364.9
2050,Sustainable Aviation Fuel,"FT-Synthesis, MSW",mmbtu,220849135.7
2020,Sustainable Aviation Fuel,"FT-Synthesis, Poplar",mmbtu,0
2021,Sustainable Aviation Fuel,"FT-Synthesis, Poplar",mmbtu,0
2022,Sustainable Aviation Fuel,"FT-Synthesis, Poplar",mmbtu,0
2023,Sustainable Aviation Fuel,"FT-Synthesis, Poplar",mmbtu,0
2024,Sustainable Aviation Fuel,"FT-Synthesis, Poplar",mmbtu,0
2025,Sustainable Aviation Fuel,"FT-Synthesis, Poplar",mmbtu,0
2026,Sustainable Aviation Fuel,"FT-Synthesis, Poplar",mmbtu,0
2027,Sustainable Aviation Fuel,"FT-Synthesis, Poplar",mmbtu,0
2028,Sustainable Aviation Fuel,"FT-Synthesis, Poplar",mmbtu,0
2029,Sustainable Aviation Fuel,"FT-Synthesis, Poplar",mmbtu,0
2030,Sustainable Aviation Fuel,"FT-Synthesis, Poplar",mmbtu,0
2031,Sustainable Aviation Fuel,"FT-Synthesis, Poplar",mmbtu,0
2032,Sustainable Aviation Fuel,"FT-Synthesis, Poplar",mmbtu,0
2033,Sustainable Aviation Fuel,"FT-Synthesis, Poplar",mmbtu,75328214.68
2034,Sustainable Aviation Fuel,"FT-Synthesis, Poplar",mmbtu,77886034.74
2035,Sustainable Aviation Fuel,"FT-Synthesis, Poplar",mmbtu,80534728.55
2036,Sustainable Aviation Fuel,"FT-Synthesis, Poplar",mmbtu,83104469.39
2037,Sustainable Aviation Fuel,"FT-Synthesis, Poplar",mmbtu,85240763.69
2038,Sustainable Aviation Fuel,"FT-Synthesis, Poplar",mmbtu,87327296.33
2039,Sustainable Aviation Fuel,"FT-Synthesis, Poplar",mmbtu,89336316.23
2040,Sustainable Aviation Fuel,"FT-Synthesis, Poplar",mmbtu,91762553.46
2041,Sustainable Aviation Fuel,"FT-Synthesis, Poplar",mmbtu,91762553.46
2042,Sustainable Aviation Fuel,"FT-Synthesis, Poplar",mmbtu,91762553.46
2043,Sustainable Aviation Fuel,"FT-Synthesis, Poplar",mmbtu,91762553.46
2044,Sustainable Aviation Fuel,"FT-Synthesis, Poplar",mmbtu,91762553.46
2045,Sustainable Aviation Fuel,"FT-Synthesis, Poplar",mmbtu,91762553.46
2046,Sustainable Aviation Fuel,"FT-Synthesis, Poplar",mmbtu,91762553.46
2047,Sustainable Aviation Fuel,"FT-Synthesis, Poplar",mmbtu,91762553.46
2048,Sustainable Aviation Fuel,"FT-Synthesis, Poplar",mmbtu,91762553.46
2049,Sustainable Aviation Fuel,"FT-Synthesis, Poplar",mmbtu,91762553.46
2050,Sustainable Aviation Fuel,"FT-Synthesis, Poplar",mmbtu,91762553.46
2020,Sustainable Aviation Fuel,"FT-Synthesis, Willow",mmbtu,0
2021,Sustainable Aviation Fuel,"FT-Synthesis, Willow",mmbtu,0
2022,Sustainable Aviation Fuel,"FT-Synthesis, Willow",mmbtu,0
2023,Sustainable Aviation Fuel,"FT-Synthesis, Willow",mmbtu,0
2024,Sustainable Aviation Fuel,"FT-Synthesis, Willow",mmbtu,0
2025,Sustainable Aviation Fuel,"FT-Synthesis, Willow",mmbtu,0
2026,Sustainable Aviation Fuel,"FT-Synthesis, Willow",mmbtu,0
2027,Sustainable Aviation Fuel,"FT-Synthesis, Willow",mmbtu,0
2028,Sustainable Aviation Fuel,"FT-Synthesis, Willow",mmbtu,0
2029,Sustainable Aviation Fuel,"FT-Synthesis, Willow",mmbtu,0
2030,Sustainable Aviation Fuel,"FT-Synthesis, Willow",mmbtu,0
2031,Sustainable Aviation Fuel,"FT-Synthesis, Willow",mmbtu,0
2032,Sustainable Aviation Fuel,"FT-Synthesis, Willow",mmbtu,0
2033,Sustainable Aviation Fuel,"FT-Synthesis, Willow",mmbtu,43572655.5
2034,Sustainable Aviation Fuel,"FT-Synthesis, Willow",mmbtu,47229165.5
2035,Sustainable Aviation Fuel,"FT-Synthesis, Willow",mmbtu,49643144.39
2036,Sustainable Aviation Fuel,"FT-Synthesis, Willow",mmbtu,52770754.35
2037,Sustainable Aviation Fuel,"FT-Synthesis, Willow",mmbtu,55412365.65
2038,Sustainable Aviation Fuel,"FT-Synthesis, Willow",mmbtu,58686576.55
2039,Sustainable Aviation Fuel,"FT-Synthesis, Willow",mmbtu,53366803.95
2040,Sustainable Aviation Fuel,"FT-Synthesis, Willow",mmbtu,51356877.77
2041,Sustainable Aviation Fuel,"FT-Synthesis, Willow",mmbtu,51356877.77
2042,Sustainable Aviation Fuel,"FT-Synthesis, Willow",mmbtu,51356877.77
2043,Sustainable Aviation Fuel,"FT-Synthesis, Willow",mmbtu,51356877.77
2044,Sustainable Aviation Fuel,"FT-Synthesis, Willow",mmbtu,51356877.77
2045,Sustainable Aviation Fuel,"FT-Synthesis, Willow",mmbtu,51356877.77
2046,Sustainable Aviation Fuel,"FT-Synthesis, Willow",mmbtu,51356877.77
2047,Sustainable Aviation Fuel,"FT-Synthesis, Willow",mmbtu,51356877.77
2048,Sustainable Aviation Fuel,"FT-Synthesis, Willow",mmbtu,51356877.77
2049,Sustainable Aviation Fuel,"FT-Synthesis, Willow",mmbtu,51356877.77
2050,Sustainable Aviation Fuel,"FT-Synthesis, Willow",mmbtu,51356877.77
2020,Sustainable Aviation Fuel,"FT-Synthesis, Logging residues",mmbtu,0
2021,Sustainable Aviation Fuel,"FT-Synthesis, Logging residues",mmbtu,0
2022,Sustainable Aviation Fuel,"FT-Synthesis, Logging residues",mmbtu,0
2023,Sustainable Aviation Fuel,"FT-Synthesis, Logging residues",mmbtu,0
2024,Sustainable Aviation Fuel,"FT-Synthesis, Logging residues",mmbtu,0
2025,Sustainable Aviation Fuel,"FT-Synthesis, Logging residues",mmbtu,0
2026,Sustainable Aviation Fuel,"FT-Synthesis, Logging residues",mmbtu,0
2027,Sustainable Aviation Fuel,"FT-Synthesis, Logging residues",mmbtu,0
2028,Sustainable Aviation Fuel,"FT-Synthesis, Logging residues",mmbtu,0
2029,Sustainable Aviation Fuel,"FT-Synthesis, Logging residues",mmbtu,0
2030,Sustainable Aviation Fuel,"FT-Synthesis, Logging residues",mmbtu,0
2031,Sustainable Aviation Fuel,"FT-Synthesis, Logging residues",mmbtu,0
2032,Sustainable Aviation Fuel,"FT-Synthesis, Logging residues",mmbtu,76206736.01
2033,Sustainable Aviation Fuel,"FT-Synthesis, Logging residues",mmbtu,76383305.64
2034,Sustainable Aviation Fuel,"FT-Synthesis, Logging residues",mmbtu,76695046.4
2035,Sustainable Aviation Fuel,"FT-Synthesis, Logging residues",mmbtu,76449940.94
2036,Sustainable Aviation Fuel,"FT-Synthesis, Logging residues",mmbtu,76363711.11
2037,Sustainable Aviation Fuel,"FT-Synthesis, Logging residues",mmbtu,75831017.42
2038,Sustainable Aviation Fuel,"FT-Synthesis, Logging residues",mmbtu,75675760.77
2039,Sustainable Aviation Fuel,"FT-Synthesis, Logging residues",mmbtu,74945779.78
2040,Sustainable Aviation Fuel,"FT-Synthesis, Logging residues",mmbtu,74493037.4
2041,Sustainable Aviation Fuel,"FT-Synthesis, Logging residues",mmbtu,74493037.4
2042,Sustainable Aviation Fuel,"FT-Synthesis, Logging residues",mmbtu,74493037.4
2043,Sustainable Aviation Fuel,"FT-Synthesis, Logging residues",mmbtu,74493037.4
2044,Sustainable Aviation Fuel,"FT-Synthesis, Logging residues",mmbtu,74493037.4
2045,Sustainable Aviation Fuel,"FT-Synthesis, Logging residues",mmbtu,74493037.4
2046,Sustainable Aviation Fuel,"FT-Synthesis, Logging residues",mmbtu,74493037.4
2047,Sustainable Aviation Fuel,"FT-Synthesis, Logging residues",mmbtu,74493037.4
2048,Sustainable Aviation Fuel,"FT-Synthesis, Logging residues",mmbtu,74493037.4
2049,Sustainable Aviation Fuel,"FT-Synthesis, Logging residues",mmbtu,74493037.4
2050,Sustainable Aviation Fuel,"FT-Synthesis, Logging residues",mmbtu,74493037.4
2020,Sustainable Aviation Fuel,"FT-Synthesis, Wood and wood wastes",mmbtu,0
2021,Sustainable Aviation Fuel,"FT-Synthesis, Wood and wood wastes",mmbtu,0
2022,Sustainable Aviation Fuel,"FT-Synthesis, Wood and wood wastes",mmbtu,0
2023,Sustainable Aviation Fuel,"FT-Synthesis, Wood and wood wastes",mmbtu,0
2024,Sustainable Aviation Fuel,"FT-Synthesis, Wood and wood wastes",mmbtu,0
2025,Sustainable Aviation Fuel,"FT-Synthesis, Wood and wood wastes",mmbtu,0
2026,Sustainable Aviation Fuel,"FT-Synthesis, Wood and wood wastes",mmbtu,0
2027,Sustainable Aviation Fuel,"FT-Synthesis, Wood and wood wastes",mmbtu,0
2028,Sustainable Aviation Fuel,"FT-Synthesis, Wood and wood wastes",mmbtu,0
2029,Sustainable Aviation Fuel,"FT-Synthesis, Wood and wood wastes",mmbtu,0
2030,Sustainable Aviation Fuel,"FT-Synthesis, Wood and wood wastes",mmbtu,0
2031,Sustainable Aviation Fuel,"FT-Synthesis, Wood and wood wastes",mmbtu,57905529.8
2032,Sustainable Aviation Fuel,"FT-Synthesis, Wood and wood wastes",mmbtu,193094607.5
2033,Sustainable Aviation Fuel,"FT-Synthesis, Wood and wood wastes",mmbtu,190119635.5
2034,Sustainable Aviation Fuel,"FT-Synthesis, Wood and wood wastes",mmbtu,186902301.8
2035,Sustainable Aviation Fuel,"FT-Synthesis, Wood and wood wastes",mmbtu,183418875.3
2036,Sustainable Aviation Fuel,"FT-Synthesis, Wood and wood wastes",mmbtu,178326608.7
2037,Sustainable Aviation Fuel,"FT-Synthesis, Wood and wood wastes",mmbtu,195474470
2038,Sustainable Aviation Fuel,"FT-Synthesis, Wood and wood wastes",mmbtu,221998452
2039,Sustainable Aviation Fuel,"FT-Synthesis, Wood and wood wastes",mmbtu,253889891.5
2040,Sustainable Aviation Fuel,"FT-Synthesis, Wood and wood wastes",mmbtu,286087738.1
2041,Sustainable Aviation Fuel,"FT-Synthesis, Wood and wood wastes",mmbtu,335134355.8
2042,Sustainable Aviation Fuel,"FT-Synthesis, Wood and wood wastes",mmbtu,335805799.2
2043,Sustainable Aviation Fuel,"FT-Synthesis, Wood and wood wastes",mmbtu,335473069
2044,Sustainable Aviation Fuel,"FT-Synthesis, Wood and wood wastes",mmbtu,341004594.4
2045,Sustainable Aviation Fuel,"FT-Synthesis, Wood and wood wastes",mmbtu,325724340.9
2046,Sustainable Aviation Fuel,"FT-Synthesis, Wood and wood wastes",mmbtu,336165125.5
2047,Sustainable Aviation Fuel,"FT-Synthesis, Wood and wood wastes",mmbtu,327780386.7
2048,Sustainable Aviation Fuel,"FT-Synthesis, Wood and wood wastes",mmbtu,325994765.8
2049,Sustainable Aviation Fuel,"FT-Synthesis, Wood and wood wastes",mmbtu,333618984.2
2050,Sustainable Aviation Fuel,"FT-Synthesis, Wood and wood wastes",mmbtu,330169572.9
2020,Sustainable Aviation Fuel,"FT-Synthesis, Whole tree biomass",mmbtu,0
2021,Sustainable Aviation Fuel,"FT-Synthesis, Whole tree biomass",mmbtu,0
2022,Sustainable Aviation Fuel,"FT-Synthesis, Whole tree biomass",mmbtu,0
2023,Sustainable Aviation Fuel,"FT-Synthesis, Whole tree biomass",mmbtu,0
2024,Sustainable Aviation Fuel,"FT-Synthesis, Whole tree biomass",mmbtu,0
2025,Sustainable Aviation Fuel,"FT-Synthesis, Whole tree biomass",mmbtu,0
2026,Sustainable Aviation Fuel,"FT-Synthesis, Whole tree biomass",mmbtu,0
2027,Sustainable Aviation Fuel,"FT-Synthesis, Whole tree biomass",mmbtu,0
2028,Sustainable Aviation Fuel,"FT-Synthesis, Whole tree biomass",mmbtu,0
2029,Sustainable Aviation Fuel,"FT-Synthesis, Whole tree biomass",mmbtu,0
2030,Sustainable Aviation Fuel,"FT-Synthesis, Whole tree biomass",mmbtu,0
2031,Sustainable Aviation Fuel,"FT-Synthesis, Whole tree biomass",mmbtu,0
2032,Sustainable Aviation Fuel,"FT-Synthesis, Whole tree biomass",mmbtu,0
2033,Sustainable Aviation Fuel,"FT-Synthesis, Whole tree biomass",mmbtu,0
2034,Sustainable Aviation Fuel,"FT-Synthesis, Whole tree biomass",mmbtu,121959389.1
2035,Sustainable Aviation Fuel,"FT-Synthesis, Whole tree biomass",mmbtu,131108999.6
2036,Sustainable Aviation Fuel,"FT-Synthesis, Whole tree biomass",mmbtu,132191626.8
2037,Sustainable Aviation Fuel,"FT-Synthesis, Whole tree biomass",mmbtu,135738164.4
2038,Sustainable Aviation Fuel,"FT-Synthesis, Whole tree biomass",mmbtu,136790900.6
2039,Sustainable Aviation Fuel,"FT-Synthesis, Whole tree biomass",mmbtu,123111720.3
2040,Sustainable Aviation Fuel,"FT-Synthesis, Whole tree biomass",mmbtu,124159544.7
2041,Sustainable Aviation Fuel,"FT-Synthesis, Whole tree biomass",mmbtu,124159544.7
2042,Sustainable Aviation Fuel,"FT-Synthesis, Whole tree biomass",mmbtu,124159544.7
2043,Sustainable Aviation Fuel,"FT-Synthesis, Whole tree biomass",mmbtu,124159544.7
2044,Sustainable Aviation Fuel,"FT-Synthesis, Whole tree biomass",mmbtu,124159544.7
2045,Sustainable Aviation Fuel,"FT-Synthesis, Whole tree biomass",mmbtu,124159544.7
2046,Sustainable Aviation Fuel,"FT-Synthesis, Whole tree biomass",mmbtu,124159544.7
2047,Sustainable Aviation Fuel,"FT-Synthesis, Whole tree biomass",mmbtu,124159544.7
2048,Sustainable Aviation Fuel,"FT-Synthesis, Whole tree biomass",mmbtu,124159544.7
2049,Sustainable Aviation Fuel,"FT-Synthesis, Whole tree biomass",mmbtu,124159544.7
2050,Sustainable Aviation Fuel,"FT-Synthesis, Whole tree biomass",mmbtu,124159544.7
2020,Sustainable Aviation Fuel,"FT-Synthesis, Landfill gas",mmbtu,0
2021,Sustainable Aviation Fuel,"FT-Synthesis, Landfill gas",mmbtu,0
2022,Sustainable Aviation Fuel,"FT-Synthesis, Landfill gas",mmbtu,0
2023,Sustainable Aviation Fuel,"FT-Synthesis, Landfill gas",mmbtu,0
2024,Sustainable Aviation Fuel,"FT-Synthesis, Landfill gas",mmbtu,0
2025,Sustainable Aviation Fuel,"FT-Synthesis, Landfill gas",mmbtu,0
2026,Sustainable Aviation Fuel,"FT-Synthesis, Landfill gas",mmbtu,0
2027,Sustainable Aviation Fuel,"FT-Synthesis, Landfill gas",mmbtu,0
2028,Sustainable Aviation Fuel,"FT-Synthesis, Landfill gas",mmbtu,47407059.83
2029,Sustainable Aviation Fuel,"FT-Synthesis, Landfill gas",mmbtu,127970929.7
2030,Sustainable Aviation Fuel,"FT-Synthesis, Landfill gas",mmbtu,244953320.2
2031,Sustainable Aviation Fuel,"FT-Synthesis, Landfill gas",mmbtu,352537093
2032,Sustainable Aviation Fuel,"FT-Synthesis, Landfill gas",mmbtu,351946295.2
2033,Sustainable Aviation Fuel,"FT-Synthesis, Landfill gas",mmbtu,349604218.6
2034,Sustainable Aviation Fuel,"FT-Synthesis, Landfill gas",mmbtu,347071340.3
2035,Sustainable Aviation Fuel,"FT-Synthesis, Landfill gas",mmbtu,344328977.8
2036,Sustainable Aviation Fuel,"FT-Synthesis, Landfill gas",mmbtu,340320039.8
2037,Sustainable Aviation Fuel,"FT-Synthesis, Landfill gas",mmbtu,353819865.9
2038,Sustainable Aviation Fuel,"FT-Synthesis, Landfill gas",mmbtu,374701137.2
2039,Sustainable Aviation Fuel,"FT-Synthesis, Landfill gas",mmbtu,399807993.4
2040,Sustainable Aviation Fuel,"FT-Synthesis, Landfill gas",mmbtu,425156071.6
2041,Sustainable Aviation Fuel,"FT-Synthesis, Landfill gas",mmbtu,463768514.2
2042,Sustainable Aviation Fuel,"FT-Synthesis, Landfill gas",mmbtu,464297114.8
2043,Sustainable Aviation Fuel,"FT-Synthesis, Landfill gas",mmbtu,464035169.6
2044,Sustainable Aviation Fuel,"FT-Synthesis, Landfill gas",mmbtu,468389918.5
2045,Sustainable Aviation Fuel,"FT-Synthesis, Landfill gas",mmbtu,456360385.5
2046,Sustainable Aviation Fuel,"FT-Synthesis, Landfill gas",mmbtu,464579998
2047,Sustainable Aviation Fuel,"FT-Synthesis, Landfill gas",mmbtu,457979028.2
2048,Sustainable Aviation Fuel,"FT-Synthesis, Landfill gas",mmbtu,456573280.2
2049,Sustainable Aviation Fuel,"FT-Synthesis, Landfill gas",mmbtu,462575522.7
2050,Sustainable Aviation Fuel,"FT-Synthesis, Landfill gas",mmbtu,459859939
2020,Sustainable Aviation Fuel,"HEFA, Corn oil",mmbtu,3653595.718
2021,Sustainable Aviation Fuel,"HEFA, Corn oil",mmbtu,7259072.084
2022,Sustainable Aviation Fuel,"HEFA, Corn oil",mmbtu,12189625.72
2023,Sustainable Aviation Fuel,"HEFA, Corn oil",mmbtu,19293597.52
2024,Sustainable Aviation Fuel,"HEFA, Corn oil",mmbtu,29924336.78
2025,Sustainable Aviation Fuel,"HEFA, Corn oil",mmbtu,35277046.3
2026,Sustainable Aviation Fuel,"HEFA, Corn oil",mmbtu,35288087.38
2027,Sustainable Aviation Fuel,"HEFA, Corn oil",mmbtu,35261317.03
2028,Sustainable Aviation Fuel,"HEFA, Corn oil",mmbtu,35259108.74
2029,Sustainable Aviation Fuel,"HEFA, Corn oil",mmbtu,35221505.6
2030,Sustainable Aviation Fuel,"HEFA, Corn oil",mmbtu,35215578.32
2031,Sustainable Aviation Fuel,"HEFA, Corn oil",mmbtu,35215484.93
2032,Sustainable Aviation Fuel,"HEFA, Corn oil",mmbtu,35234944.6
2033,Sustainable Aviation Fuel,"HEFA, Corn oil",mmbtu,35308728.42
2034,Sustainable Aviation Fuel,"HEFA, Corn oil",mmbtu,35417554.47
2035,Sustainable Aviation Fuel,"HEFA, Corn oil",mmbtu,35546927.87
2036,Sustainable Aviation Fuel,"HEFA, Corn oil",mmbtu,35613318.6
2037,Sustainable Aviation Fuel,"HEFA, Corn oil",mmbtu,35698483.05
2038,Sustainable Aviation Fuel,"HEFA, Corn oil",mmbtu,35799091.51
2039,Sustainable Aviation Fuel,"HEFA, Corn oil",mmbtu,35933846.55
2040,Sustainable Aviation Fuel,"HEFA, Corn oil",mmbtu,36084308.63
2041,Sustainable Aviation Fuel,"HEFA, Corn oil",mmbtu,36222593.48
2042,Sustainable Aviation Fuel,"HEFA, Corn oil",mmbtu,36400690.98
2043,Sustainable Aviation Fuel,"HEFA, Corn oil",mmbtu,36587399.38
2044,Sustainable Aviation Fuel,"HEFA, Corn oil",mmbtu,36804643
2045,Sustainable Aviation Fuel,"HEFA, Corn oil",mmbtu,37015603.62
2046,Sustainable Aviation Fuel,"HEFA, Corn oil",mmbtu,37242370.76
2047,Sustainable Aviation Fuel,"HEFA, Corn oil",mmbtu,37464401.35
2048,Sustainable Aviation Fuel,"HEFA, Corn oil",mmbtu,37737082.82
2049,Sustainable Aviation Fuel,"HEFA, Corn oil",mmbtu,38009797.59
2050,Sustainable Aviation Fuel,"HEFA, Corn oil",mmbtu,38286166.29
2020,Sustainable Aviation Fuel,"HEFA, FOGs",mmbtu,0
2021,Sustainable Aviation Fuel,"HEFA, FOGs",mmbtu,0
2022,Sustainable Aviation Fuel,"HEFA, FOGs",mmbtu,0
2023,Sustainable Aviation Fuel,"HEFA, FOGs",mmbtu,0
2024,Sustainable Aviation Fuel,"HEFA, FOGs",mmbtu,0
2025,Sustainable Aviation Fuel,"HEFA, FOGs",mmbtu,10975760.9
2026,Sustainable Aviation Fuel,"HEFA, FOGs",mmbtu,35185205.41
2027,Sustainable Aviation Fuel,"HEFA, FOGs",mmbtu,64714709.71
2028,Sustainable Aviation Fuel,"HEFA, FOGs",mmbtu,64714709.71
2029,Sustainable Aviation Fuel,"HEFA, FOGs",mmbtu,64714709.71
2030,Sustainable Aviation Fuel,"HEFA, FOGs",mmbtu,64714709.71
2031,Sustainable Aviation Fuel,"HEFA, FOGs",mmbtu,64714709.71
2032,Sustainable Aviation Fuel,"HEFA, FOGs",mmbtu,64714709.71
2033,Sustainable Aviation Fuel,"HEFA, FOGs",mmbtu,64714709.71
2034,Sustainable Aviation Fuel,"HEFA, FOGs",mmbtu,64714709.71
2035,Sustainable Aviation Fuel,"HEFA, FOGs",mmbtu,64714709.71
2036,Sustainable Aviation Fuel,"HEFA, FOGs",mmbtu,64714709.71
2037,Sustainable Aviation Fuel,"HEFA, FOGs",mmbtu,64714709.71
2038,Sustainable Aviation Fuel,"HEFA, FOGs",mmbtu,64714709.71
2039,Sustainable Aviation Fuel,"HEFA, FOGs",mmbtu,64714709.71
2040,Sustainable Aviation Fuel,"HEFA, FOGs",mmbtu,64714709.71
2041,Sustainable Aviation Fuel,"HEFA, FOGs",mmbtu,64714709.71
2042,Sustainable Aviation Fuel,"HEFA, FOGs",mmbtu,64714709.71
2043,Sustainable Aviation Fuel,"HEFA, FOGs",mmbtu,64714709.71
2044,Sustainable Aviation Fuel,"HEFA, FOGs",mmbtu,64714709.71
2045,Sustainable Aviation Fuel,"HEFA, FOGs",mmbtu,64714709.71
2046,Sustainable Aviation Fuel,"HEFA, FOGs",mmbtu,64714709.71
2047,Sustainable Aviation Fuel,"HEFA, FOGs",mmbtu,64714709.71
2048,Sustainable Aviation Fuel,"HEFA, FOGs",mmbtu,64714709.71
2049,Sustainable Aviation Fuel,"HEFA, FOGs",mmbtu,64714709.71
2050,Sustainable Aviation Fuel,"HEFA, FOGs",mmbtu,64714709.71
2020,Sustainable Aviation Fuel,"HEFA, UCO",mmbtu,0
2021,Sustainable Aviation Fuel,"HEFA, UCO",mmbtu,0
2022,Sustainable Aviation Fuel,"HEFA, UCO",mmbtu,0
2023,Sustainable Aviation Fuel,"HEFA, UCO",mmbtu,0
2024,Sustainable Aviation Fuel,"HEFA, UCO",mmbtu,0
2025,Sustainable Aviation Fuel,"HEFA, UCO",mmbtu,0
2026,Sustainable Aviation Fuel,"HEFA, UCO",mmbtu,0
2027,Sustainable Aviation Fuel,"HEFA, UCO",mmbtu,6918965.844
2028,Sustainable Aviation Fuel,"HEFA, UCO",mmbtu,14446258.32
2029,Sustainable Aviation Fuel,"HEFA, UCO",mmbtu,14446258.32
2030,Sustainable Aviation Fuel,"HEFA, UCO",mmbtu,14446258.32
2031,Sustainable Aviation Fuel,"HEFA, UCO",mmbtu,14446258.32
2032,Sustainable Aviation Fuel,"HEFA, UCO",mmbtu,14446258.32
2033,Sustainable Aviation Fuel,"HEFA, UCO",mmbtu,14446258.32
2034,Sustainable Aviation Fuel,"HEFA, UCO",mmbtu,14446258.32
2035,Sustainable Aviation Fuel,"HEFA, UCO",mmbtu,14446258.32
2036,Sustainable Aviation Fuel,"HEFA, UCO",mmbtu,14446258.32
2037,Sustainable Aviation Fuel,"HEFA, UCO",mmbtu,14446258.32
2038,Sustainable Aviation Fuel,"HEFA, UCO",mmbtu,14446258.32
2039,Sustainable Aviation Fuel,"HEFA, UCO",mmbtu,14446258.32
2040,Sustainable Aviation Fuel,"HEFA, UCO",mmbtu,14446258.32
2041,Sustainable Aviation Fuel,"HEFA, UCO",mmbtu,14446258.32
2042,Sustainable Aviation Fuel,"HEFA, UCO",mmbtu,14446258.32
2043,Sustainable Aviation Fuel,"HEFA, UCO",mmbtu,14446258.32
2044,Sustainable Aviation Fuel,"HEFA, UCO",mmbtu,14446258.32
2045,Sustainable Aviation Fuel,"HEFA, UCO",mmbtu,14446258.32
2046,Sustainable Aviation Fuel,"HEFA, UCO",mmbtu,14446258.32
2047,Sustainable Aviation Fuel,"HEFA, UCO",mmbtu,14446258.32
2048,Sustainable Aviation Fuel,"HEFA, UCO",mmbtu,14446258.32
2049,Sustainable Aviation Fuel,"HEFA, UCO",mmbtu,14446258.32
2050,Sustainable Aviation Fuel,"HEFA, UCO",mmbtu,14446258.32
2020,Sustainable Aviation Fuel,"HTL, Wastewater sludge",mmbtu,0
2021,Sustainable Aviation Fuel,"HTL, Wastewater sludge",mmbtu,0
2022,Sustainable Aviation Fuel,"HTL, Wastewater sludge",mmbtu,0
2023,Sustainable Aviation Fuel,"HTL, Wastewater sludge",mmbtu,0
2024,Sustainable Aviation Fuel,"HTL, Wastewater sludge",mmbtu,0
2025,Sustainable Aviation Fuel,"HTL, Wastewater sludge",mmbtu,0
2026,Sustainable Aviation Fuel,"HTL, Wastewater sludge",mmbtu,0
2027,Sustainable Aviation Fuel,"HTL, Wastewater sludge",mmbtu,0
2028,Sustainable Aviation Fuel,"HTL, Wastewater sludge",mmbtu,0
2029,Sustainable Aviation Fuel,"HTL, Wastewater sludge",mmbtu,0
2030,Sustainable Aviation Fuel,"HTL, Wastewater sludge",mmbtu,0
2031,Sustainable Aviation Fuel,"HTL, Wastewater sludge",mmbtu,0
2032,Sustainable Aviation Fuel,"HTL, Wastewater sludge",mmbtu,0
2033,Sustainable Aviation Fuel,"HTL, Wastewater sludge",mmbtu,0
2034,Sustainable Aviation Fuel,"HTL, Wastewater sludge",mmbtu,39105342.13
2035,Sustainable Aviation Fuel,"HTL, Wastewater sludge",mmbtu,39105342.13
2036,Sustainable Aviation Fuel,"HTL, Wastewater sludge",mmbtu,39105342.13
2037,Sustainable Aviation Fuel,"HTL, Wastewater sludge",mmbtu,39105342.13
2038,Sustainable Aviation Fuel,"HTL, Wastewater sludge",mmbtu,39105342.13
2039,Sustainable Aviation Fuel,"HTL, Wastewater sludge",mmbtu,39105342.13
2040,Sustainable Aviation Fuel,"HTL, Wastewater sludge",mmbtu,39105342.13
2041,Sustainable Aviation Fuel,"HTL, Wastewater sludge",mmbtu,39105342.13
2042,Sustainable Aviation Fuel,"HTL, Wastewater sludge",mmbtu,39105342.13
2043,Sustainable Aviation Fuel,"HTL, Wastewater sludge",mmbtu,39105342.13
2044,Sustainable Aviation Fuel,"HTL, Wastewater sludge",mmbtu,39105342.13
2045,Sustainable Aviation Fuel,"HTL, Wastewater sludge",mmbtu,39105342.13
2046,Sustainable Aviation Fuel,"HTL, Wastewater sludge",mmbtu,39105342.13
2047,Sustainable Aviation Fuel,"HTL, Wastewater sludge",mmbtu,39105342.13
2048,Sustainable Aviation Fuel,"HTL, Wastewater sludge",mmbtu,39105342.13
2049,Sustainable Aviation Fuel,"HTL, Wastewater sludge",mmbtu,39105342.13
2050,Sustainable Aviation Fuel,"HTL, Wastewater sludge",mmbtu,39105342.13
2020,Sustainable Aviation Fuel,"HTL, Algae",mmbtu,0
2021,Sustainable Aviation Fuel,"HTL, Algae",mmbtu,0
2022,Sustainable Aviation Fuel,"HTL, Algae",mmbtu,0
2023,Sustainable Aviation Fuel,"HTL, Algae",mmbtu,0
2024,Sustainable Aviation Fuel,"HTL, Algae",mmbtu,0
2025,Sustainable Aviation Fuel,"HTL, Algae",mmbtu,0
2026,Sustainable Aviation Fuel,"HTL, Algae",mmbtu,0
2027,Sustainable Aviation Fuel,"HTL, Algae",mmbtu,0
2028,Sustainable Aviation Fuel,"HTL, Algae",mmbtu,0
2029,Sustainable Aviation Fuel,"HTL, Algae",mmbtu,0
2030,Sustainable Aviation Fuel,"HTL, Algae",mmbtu,0
2031,Sustainable Aviation Fuel,"HTL, Algae",mmbtu,0
2032,Sustainable Aviation Fuel,"HTL, Algae",mmbtu,0
2033,Sustainable Aviation Fuel,"HTL, Algae",mmbtu,0
2034,Sustainable Aviation Fuel,"HTL, Algae",mmbtu,133656719.4
2035,Sustainable Aviation Fuel,"HTL, Algae",mmbtu,166773973.4
2036,Sustainable Aviation Fuel,"HTL, Algae",mmbtu,166773973.4
2037,Sustainable Aviation Fuel,"HTL, Algae",mmbtu,166773973.4
2038,Sustainable Aviation Fuel,"HTL, Algae",mmbtu,166773973.4
2039,Sustainable Aviation Fuel,"HTL, Algae",mmbtu,166773973.4
2040,Sustainable Aviation Fuel,"HTL, Algae",mmbtu,166773973.4
2041,Sustainable Aviation Fuel,"HTL, Algae",mmbtu,166773973.4
2042,Sustainable Aviation Fuel,"HTL, Algae",mmbtu,166773973.4
2043,Sustainable Aviation Fuel,"HTL, Algae",mmbtu,166773973.4
2044,Sustainable Aviation Fuel,"HTL, Algae",mmbtu,166773973.4
2045,Sustainable Aviation Fuel,"HTL, Algae",mmbtu,166773973.4
2046,Sustainable Aviation Fuel,"HTL, Algae",mmbtu,166773973.4
2047,Sustainable Aviation Fuel,"HTL, Algae",mmbtu,166773973.4
2048,Sustainable Aviation Fuel,"HTL, Algae",mmbtu,166773973.4
2049,Sustainable Aviation Fuel,"HTL, Algae",mmbtu,166773973.4
2050,Sustainable Aviation Fuel,"HTL, Algae",mmbtu,166773973.4
2020,Sustainable Aviation Fuel,"HTL, Manure",mmbtu,0
2021,Sustainable Aviation Fuel,"HTL, Manure",mmbtu,0
2022,Sustainable Aviation Fuel,"HTL, Manure",mmbtu,0
2023,Sustainable Aviation Fuel,"HTL, Manure",mmbtu,0
2024,Sustainable Aviation Fuel,"HTL, Manure",mmbtu,0
2025,Sustainable Aviation Fuel,"HTL, Manure",mmbtu,0
2026,Sustainable Aviation Fuel,"HTL, Manure",mmbtu,0
2027,Sustainable Aviation Fuel,"HTL, Manure",mmbtu,0
2028,Sustainable Aviation Fuel,"HTL, Manure",mmbtu,0
2029,Sustainable Aviation Fuel,"HTL, Manure",mmbtu,0
2030,Sustainable Aviation Fuel,"HTL, Manure",mmbtu,0
2031,Sustainable Aviation Fuel,"HTL, Manure",mmbtu,0
2032,Sustainable Aviation Fuel,"HTL, Manure",mmbtu,0
2033,Sustainable Aviation Fuel,"HTL, Manure",mmbtu,0
2034,Sustainable Aviation Fuel,"HTL, Manure",mmbtu,54894104.74
2035,Sustainable Aviation Fuel,"HTL, Manure",mmbtu,54894104.74
2036,Sustainable Aviation Fuel,"HTL, Manure",mmbtu,54894104.74
2037,Sustainable Aviation Fuel,"HTL, Manure",mmbtu,54894104.74
2038,Sustainable Aviation Fuel,"HTL, Manure",mmbtu,54894104.74
2039,Sustainable Aviation Fuel,"HTL, Manure",mmbtu,54894104.74
2040,Sustainable Aviation Fuel,"HTL, Manure",mmbtu,54303845.55
2041,Sustainable Aviation Fuel,"HTL, Manure",mmbtu,54303845.55
2042,Sustainable Aviation Fuel,"HTL, Manure",mmbtu,54303845.55
2043,Sustainable Aviation Fuel,"HTL, Manure",mmbtu,54303845.55
2044,Sustainable Aviation Fuel,"HTL, Manure",mmbtu,54303845.55
2045,Sustainable Aviation Fuel,"HTL, Manure",mmbtu,54303845.55
2046,Sustainable Aviation Fuel,"HTL, Manure",mmbtu,54303845.55
2047,Sustainable Aviation Fuel,"HTL, Manure",mmbtu,54303845.55
2048,Sustainable Aviation Fuel,"HTL, Manure",mmbtu,54303845.55
2049,Sustainable Aviation Fuel,"HTL, Manure",mmbtu,54303845.55
2050,Sustainable Aviation Fuel,"HTL, Manure",mmbtu,54303845.55
2020,Sustainable Aviation Fuel,"CAP, Algae",mmbtu,0
2021,Sustainable Aviation Fuel,"CAP, Algae",mmbtu,0
2022,Sustainable Aviation Fuel,"CAP, Algae",mmbtu,0
2023,Sustainable Aviation Fuel,"CAP, Algae",mmbtu,0
2024,Sustainable Aviation Fuel,"CAP, Algae",mmbtu,0
2025,Sustainable Aviation Fuel,"CAP, Algae",mmbtu,0
2026,Sustainable Aviation Fuel,"CAP, Algae",mmbtu,0
2027,Sustainable Aviation Fuel,"CAP, Algae",mmbtu,0
2028,Sustainable Aviation Fuel,"CAP, Algae",mmbtu,0
2029,Sustainable Aviation Fuel,"CAP, Algae",mmbtu,0
2030,Sustainable Aviation Fuel,"CAP, Algae",mmbtu,0
2031,Sustainable Aviation Fuel,"CAP, Algae",mmbtu,0
2032,Sustainable Aviation Fuel,"CAP, Algae",mmbtu,0
2033,Sustainable Aviation Fuel,"CAP, Algae",mmbtu,0
2034,Sustainable Aviation Fuel,"CAP, Algae",mmbtu,0
2035,Sustainable Aviation Fuel,"CAP, Algae",mmbtu,346742090.2
2036,Sustainable Aviation Fuel,"CAP, Algae",mmbtu,346742090.2
2037,Sustainable Aviation Fuel,"CAP, Algae",mmbtu,346742090.2
2038,Sustainable Aviation Fuel,"CAP, Algae",mmbtu,346742090.2
2039,Sustainable Aviation Fuel,"CAP, Algae",mmbtu,346742090.2
2040,Sustainable Aviation Fuel,"CAP, Algae",mmbtu,346742090.2
2041,Sustainable Aviation Fuel,"CAP, Algae",mmbtu,346742090.2
2042,Sustainable Aviation Fuel,"CAP, Algae",mmbtu,346742090.2
2043,Sustainable Aviation Fuel,"CAP, Algae",mmbtu,346742090.2
2044,Sustainable Aviation Fuel,"CAP, Algae",mmbtu,346742090.2
2045,Sustainable Aviation Fuel,"CAP, Algae",mmbtu,346742090.2
2046,Sustainable Aviation Fuel,"CAP, Algae",mmbtu,346742090.2
2047,Sustainable Aviation Fuel,"CAP, Algae",mmbtu,346742090.2
2048,Sustainable Aviation Fuel,"CAP, Algae",mmbtu,346742090.2
2049,Sustainable Aviation Fuel,"CAP, Algae",mmbtu,346742090.2
2050,Sustainable Aviation Fuel,"CAP, Algae",mmbtu,346742090.2
2020,Sustainable Aviation Fuel,"ETJ, Corn ethanol",mmbtu,0
2021,Sustainable Aviation Fuel,"ETJ, Corn ethanol",mmbtu,0
2022,Sustainable Aviation Fuel,"ETJ, Corn ethanol",mmbtu,0
2023,Sustainable Aviation Fuel,"ETJ, Corn ethanol",mmbtu,0
2024,Sustainable Aviation Fuel,"ETJ, Corn ethanol",mmbtu,0
2025,Sustainable Aviation Fuel,"ETJ, Corn ethanol",mmbtu,0
2026,Sustainable Aviation Fuel,"ETJ, Corn ethanol",mmbtu,0
2027,Sustainable Aviation Fuel,"ETJ, Corn ethanol",mmbtu,0
2028,Sustainable Aviation Fuel,"ETJ, Corn ethanol",mmbtu,0
2029,Sustainable Aviation Fuel,"ETJ, Corn ethanol",mmbtu,0
2030,Sustainable Aviation Fuel,"ETJ, Corn ethanol",mmbtu,0
2031,Sustainable Aviation Fuel,"ETJ, Corn ethanol",mmbtu,0
2032,Sustainable Aviation Fuel,"ETJ, Corn ethanol",mmbtu,0
2033,Sustainable Aviation Fuel,"ETJ, Corn ethanol",mmbtu,0
2034,Sustainable Aviation Fuel,"ETJ, Corn ethanol",mmbtu,0
2035,Sustainable Aviation Fuel,"ETJ, Corn ethanol",mmbtu,2284988.782
2036,Sustainable Aviation Fuel,"ETJ, Corn ethanol",mmbtu,238465794.1
2037,Sustainable Aviation Fuel,"ETJ, Corn ethanol",mmbtu,278140553.3
2038,Sustainable Aviation Fuel,"ETJ, Corn ethanol",mmbtu,318461762.7
2039,Sustainable Aviation Fuel,"ETJ, Corn ethanol",mmbtu,1202960107
2040,Sustainable Aviation Fuel,"ETJ, Corn ethanol",mmbtu,1351167268
2041,Sustainable Aviation Fuel,"ETJ, Corn ethanol",mmbtu,1425046798
2042,Sustainable Aviation Fuel,"ETJ, Corn ethanol",mmbtu,1560277121
2043,Sustainable Aviation Fuel,"ETJ, Corn ethanol",mmbtu,1671899024
2044,Sustainable Aviation Fuel,"ETJ, Corn ethanol",mmbtu,1755530353
2045,Sustainable Aviation Fuel,"ETJ, Corn ethanol",mmbtu,1862243696
2046,Sustainable Aviation Fuel,"ETJ, Corn ethanol",mmbtu,1907885973
2047,Sustainable Aviation Fuel,"ETJ, Corn ethanol",mmbtu,661913376.4
2048,Sustainable Aviation Fuel,"ETJ, Corn ethanol",mmbtu,694110303.4
2049,Sustainable Aviation Fuel,"ETJ, Corn ethanol",mmbtu,721215316.6
2050,Sustainable Aviation Fuel,"ETJ, Corn ethanol",mmbtu,734714199.4
2020,Sustainable Aviation Fuel,"ETJ, Cellulosic ethanol",mmbtu,0
2021,Sustainable Aviation Fuel,"ETJ, Cellulosic ethanol",mmbtu,0
2022,Sustainable Aviation Fuel,"ETJ, Cellulosic ethanol",mmbtu,0
2023,Sustainable Aviation Fuel,"ETJ, Cellulosic ethanol",mmbtu,0
2024,Sustainable Aviation Fuel,"ETJ, Cellulosic ethanol",mmbtu,0
2025,Sustainable Aviation Fuel,"ETJ, Cellulosic ethanol",mmbtu,0
2026,Sustainable Aviation Fuel,"ETJ, Cellulosic ethanol",mmbtu,0
2027,Sustainable Aviation Fuel,"ETJ, Cellulosic ethanol",mmbtu,0
2028,Sustainable Aviation Fuel,"ETJ, Cellulosic ethanol",mmbtu,0
2029,Sustainable Aviation Fuel,"ETJ, Cellulosic ethanol",mmbtu,0
2030,Sustainable Aviation Fuel,"ETJ, Cellulosic ethanol",mmbtu,0
2031,Sustainable Aviation Fuel,"ETJ, Cellulosic ethanol",mmbtu,0
2032,Sustainable Aviation Fuel,"ETJ, Cellulosic ethanol",mmbtu,0
2033,Sustainable Aviation Fuel,"ETJ, Cellulosic ethanol",mmbtu,0
2034,Sustainable Aviation Fuel,"ETJ, Cellulosic ethanol",mmbtu,0
2035,Sustainable Aviation Fuel,"ETJ, Cellulosic ethanol",mmbtu,0
2036,Sustainable Aviation Fuel,"ETJ, Cellulosic ethanol",mmbtu,159963201.4
2037,Sustainable Aviation Fuel,"ETJ, Cellulosic ethanol",mmbtu,443841653.5
2038,Sustainable Aviation Fuel,"ETJ, Cellulosic ethanol",mmbtu,665267340.3
2039,Sustainable Aviation Fuel,"ETJ, Cellulosic ethanol",mmbtu,0
2040,Sustainable Aviation Fuel,"ETJ, Cellulosic ethanol",mmbtu,0
2041,Sustainable Aviation Fuel,"ETJ, Cellulosic ethanol",mmbtu,0
2042,Sustainable Aviation Fuel,"ETJ, Cellulosic ethanol",mmbtu,0
2043,Sustainable Aviation Fuel,"ETJ, Cellulosic ethanol",mmbtu,0
2044,Sustainable Aviation Fuel,"ETJ, Cellulosic ethanol",mmbtu,0
2045,Sustainable Aviation Fuel,"ETJ, Cellulosic ethanol",mmbtu,0
2046,Sustainable Aviation Fuel,"ETJ, Cellulosic ethanol",mmbtu,0
2047,Sustainable Aviation Fuel,"ETJ, Cellulosic ethanol",mmbtu,1316962757
2048,Sustainable Aviation Fuel,"ETJ, Cellulosic ethanol",mmbtu,1335557509
2049,Sustainable Aviation Fuel,"ETJ, Cellulosic ethanol",mmbtu,1335081032
2050,Sustainable Aviation Fuel,"ETJ, Cellulosic ethanol",mmbtu,1367850677
2020,Biodiesel,Soybean,mmbtu,915467855.4
2021,Biodiesel,Soybean,mmbtu,1080197235
2022,Biodiesel,Soybean,mmbtu,1046456963
2023,Biodiesel,Soybean,mmbtu,1072141735
2024,Biodiesel,Soybean,mmbtu,1073823744
2025,Biodiesel,Soybean,mmbtu,1072771273
2026,Biodiesel,Soybean,mmbtu,1067840199
2027,Biodiesel,Soybean,mmbtu,1054162575
2028,Biodiesel,Soybean,mmbtu,1031444447
2029,Biodiesel,Soybean,mmbtu,999912304.2
2030,Biodiesel,Soybean,mmbtu,962822925.2
2031,Biodiesel,Soybean,mmbtu,914731809.1
2032,Biodiesel,Soybean,mmbtu,860277953.1
2033,Biodiesel,Soybean,mmbtu,798345679.8
2034,Biodiesel,Soybean,mmbtu,732678818.7
2035,Biodiesel,Soybean,mmbtu,667087617.9
2036,Biodiesel,Soybean,mmbtu,600953919.4
2037,Biodiesel,Soybean,mmbtu,533211033.1
2038,Biodiesel,Soybean,mmbtu,474204280
2039,Biodiesel,Soybean,mmbtu,423649617.7
2040,Biodiesel,Soybean,mmbtu,377279649.6
2041,Biodiesel,Soybean,mmbtu,334336046
2042,Biodiesel,Soybean,mmbtu,295609195.8
2043,Biodiesel,Soybean,mmbtu,260831663.2
2044,Biodiesel,Soybean,mmbtu,229413403.9
2045,Biodiesel,Soybean,mmbtu,200372840.3
2046,Biodiesel,Soybean,mmbtu,174920006.6
2047,Biodiesel,Soybean,mmbtu,150951849.6
2048,Biodiesel,Soybean,mmbtu,130125065.2
2049,Biodiesel,Soybean,mmbtu,114524997.5
2050,Biodiesel,Soybean,mmbtu,101489858.1
2020,FT-Diesel,"FT-Synthesis, MSW",mmbtu,0
2021,FT-Diesel,"FT-Synthesis, MSW",mmbtu,0
2022,FT-Diesel,"FT-Synthesis, MSW",mmbtu,0
2023,FT-Diesel,"FT-Synthesis, MSW",mmbtu,0
2024,FT-Diesel,"FT-Synthesis, MSW",mmbtu,0
2025,FT-Diesel,"FT-Synthesis, MSW",mmbtu,0
2026,FT-Diesel,"FT-Synthesis, MSW",mmbtu,0
2027,FT-Diesel,"FT-Synthesis, MSW",mmbtu,0
2028,FT-Diesel,"FT-Synthesis, MSW",mmbtu,0
2029,FT-Diesel,"FT-Synthesis, MSW",mmbtu,0
2030,FT-Diesel,"FT-Synthesis, MSW",mmbtu,0
2031,FT-Diesel,"FT-Synthesis, MSW",mmbtu,0
2032,FT-Diesel,"FT-Synthesis, MSW",mmbtu,6946593.603
2033,FT-Diesel,"FT-Synthesis, MSW",mmbtu,89987169.9
2034,FT-Diesel,"FT-Synthesis, MSW",mmbtu,89710921.33
2035,FT-Diesel,"FT-Synthesis, MSW",mmbtu,89408816.44
2036,FT-Diesel,"FT-Synthesis, MSW",mmbtu,88950140.85
2037,FT-Diesel,"FT-Synthesis, MSW",mmbtu,90655480.33
2038,FT-Diesel,"FT-Synthesis, MSW",mmbtu,93273988.33
2039,FT-Diesel,"FT-Synthesis, MSW",mmbtu,96414796.84
2040,FT-Diesel,"FT-Synthesis, MSW",mmbtu,100930205.3
2041,FT-Diesel,"FT-Synthesis, MSW",mmbtu,104050696.2
2042,FT-Diesel,"FT-Synthesis, MSW",mmbtu,104093415.4
2043,FT-Diesel,"FT-Synthesis, MSW",mmbtu,104072246.1
2044,FT-Diesel,"FT-Synthesis, MSW",mmbtu,104424178.1
2045,FT-Diesel,"FT-Synthesis, MSW",mmbtu,103452003.2
2046,FT-Diesel,"FT-Synthesis, MSW",mmbtu,104116276.8
2047,FT-Diesel,"FT-Synthesis, MSW",mmbtu,103582814.9
2048,FT-Diesel,"FT-Synthesis, MSW",mmbtu,103469208.4
2049,FT-Diesel,"FT-Synthesis, MSW",mmbtu,103954283.8
2050,FT-Diesel,"FT-Synthesis, MSW",mmbtu,103734822
2020,FT-Diesel,"FT-Synthesis, Poplar",mmbtu,0
2021,FT-Diesel,"FT-Synthesis, Poplar",mmbtu,0
2022,FT-Diesel,"FT-Synthesis, Poplar",mmbtu,0
2023,FT-Diesel,"FT-Synthesis, Poplar",mmbtu,0
2024,FT-Diesel,"FT-Synthesis, Poplar",mmbtu,0
2025,FT-Diesel,"FT-Synthesis, Poplar",mmbtu,0
2026,FT-Diesel,"FT-Synthesis, Poplar",mmbtu,0
2027,FT-Diesel,"FT-Synthesis, Poplar",mmbtu,0
2028,FT-Diesel,"FT-Synthesis, Poplar",mmbtu,0
2029,FT-Diesel,"FT-Synthesis, Poplar",mmbtu,0
2030,FT-Diesel,"FT-Synthesis, Poplar",mmbtu,0
2031,FT-Diesel,"FT-Synthesis, Poplar",mmbtu,0
2032,FT-Diesel,"FT-Synthesis, Poplar",mmbtu,0
2033,FT-Diesel,"FT-Synthesis, Poplar",mmbtu,35382338.8
2034,FT-Diesel,"FT-Synthesis, Poplar",mmbtu,36583769.84
2035,FT-Diesel,"FT-Synthesis, Poplar",mmbtu,37827885.11
2036,FT-Diesel,"FT-Synthesis, Poplar",mmbtu,39034915.46
2037,FT-Diesel,"FT-Synthesis, Poplar",mmbtu,40038352.07
2038,FT-Diesel,"FT-Synthesis, Poplar",mmbtu,41018415.18
2039,FT-Diesel,"FT-Synthesis, Poplar",mmbtu,41962069.87
2040,FT-Diesel,"FT-Synthesis, Poplar",mmbtu,43101695.28
2041,FT-Diesel,"FT-Synthesis, Poplar",mmbtu,43101695.28
2042,FT-Diesel,"FT-Synthesis, Poplar",mmbtu,43101695.28
2043,FT-Diesel,"FT-Synthesis, Poplar",mmbtu,43101695.28
2044,FT-Diesel,"FT-Synthesis, Poplar",mmbtu,43101695.28
2045,FT-Diesel,"FT-Synthesis, Poplar",mmbtu,43101695.28
2046,FT-Diesel,"FT-Synthesis, Poplar",mmbtu,43101695.28
2047,FT-Diesel,"FT-Synthesis, Poplar",mmbtu,43101695.28
2048,FT-Diesel,"FT-Synthesis, Poplar",mmbtu,43101695.28
2049,FT-Diesel,"FT-Synthesis, Poplar",mmbtu,43101695.28
2050,FT-Diesel,"FT-Synthesis, Poplar",mmbtu,43101695.28
2020,FT-Diesel,"FT-Synthesis, Willow",mmbtu,0
2021,FT-Diesel,"FT-Synthesis, Willow",mmbtu,0
2022,FT-Diesel,"FT-Synthesis, Willow",mmbtu,0
2023,FT-Diesel,"FT-Synthesis, Willow",mmbtu,0
2024,FT-Diesel,"FT-Synthesis, Willow",mmbtu,0
2025,FT-Diesel,"FT-Synthesis, Willow",mmbtu,0
2026,FT-Diesel,"FT-Synthesis, Willow",mmbtu,0
2027,FT-Diesel,"FT-Synthesis, Willow",mmbtu,0
2028,FT-Diesel,"FT-Synthesis, Willow",mmbtu,0
2029,FT-Diesel,"FT-Synthesis, Willow",mmbtu,0
2030,FT-Diesel,"FT-Synthesis, Willow",mmbtu,0
2031,FT-Diesel,"FT-Synthesis, Willow",mmbtu,0
2032,FT-Diesel,"FT-Synthesis, Willow",mmbtu,0
2033,FT-Diesel,"FT-Synthesis, Willow",mmbtu,20466467.52
2034,FT-Diesel,"FT-Synthesis, Willow",mmbtu,22183963.1
2035,FT-Diesel,"FT-Synthesis, Willow",mmbtu,23317830.66
2036,FT-Diesel,"FT-Synthesis, Willow",mmbtu,24786897.14
2037,FT-Diesel,"FT-Synthesis, Willow",mmbtu,26027685.69
2038,FT-Diesel,"FT-Synthesis, Willow",mmbtu,27565611.94
2039,FT-Diesel,"FT-Synthesis, Willow",mmbtu,25066866.99
2040,FT-Diesel,"FT-Synthesis, Willow",mmbtu,24122786.61
2041,FT-Diesel,"FT-Synthesis, Willow",mmbtu,24122786.61
2042,FT-Diesel,"FT-Synthesis, Willow",mmbtu,24122786.61
2043,FT-Diesel,"FT-Synthesis, Willow",mmbtu,24122786.61
2044,FT-Diesel,"FT-Synthesis, Willow",mmbtu,24122786.61
2045,FT-Diesel,"FT-Synthesis, Willow",mmbtu,24122786.61
2046,FT-Diesel,"FT-Synthesis, Willow",mmbtu,24122786.61
2047,FT-Diesel,"FT-Synthesis, Willow",mmbtu,24122786.61
2048,FT-Diesel,"FT-Synthesis, Willow",mmbtu,24122786.61
2049,FT-Diesel,"FT-Synthesis, Willow",mmbtu,24122786.61
2050,FT-Diesel,"FT-Synthesis, Willow",mmbtu,24122786.61
2020,FT-Diesel,"FT-Synthesis, Logging residues",mmbtu,0
2021,FT-Diesel,"FT-Synthesis, Logging residues",mmbtu,0
2022,FT-Diesel,"FT-Synthesis, Logging residues",mmbtu,0
2023,FT-Diesel,"FT-Synthesis, Logging residues",mmbtu,0
2024,FT-Diesel,"FT-Synthesis, Logging residues",mmbtu,0
2025,FT-Diesel,"FT-Synthesis, Logging residues",mmbtu,0
2026,FT-Diesel,"FT-Synthesis, Logging residues",mmbtu,0
2027,FT-Diesel,"FT-Synthesis, Logging residues",mmbtu,0
2028,FT-Diesel,"FT-Synthesis, Logging residues",mmbtu,0
2029,FT-Diesel,"FT-Synthesis, Logging residues",mmbtu,0
2030,FT-Diesel,"FT-Synthesis, Logging residues",mmbtu,0
2031,FT-Diesel,"FT-Synthesis, Logging residues",mmbtu,0
2032,FT-Diesel,"FT-Synthesis, Logging residues",mmbtu,35794988.15
2033,FT-Diesel,"FT-Synthesis, Logging residues",mmbtu,35877924.49
2034,FT-Diesel,"FT-Synthesis, Logging residues",mmbtu,36024351.93
2035,FT-Diesel,"FT-Synthesis, Logging residues",mmbtu,35909223.69
2036,FT-Diesel,"FT-Synthesis, Logging residues",mmbtu,35868720.77
2037,FT-Diesel,"FT-Synthesis, Logging residues",mmbtu,35618509.76
2038,FT-Diesel,"FT-Synthesis, Logging residues",mmbtu,35545584.32
2039,FT-Diesel,"FT-Synthesis, Logging residues",mmbtu,35202705.69
2040,FT-Diesel,"FT-Synthesis, Logging residues",mmbtu,34990048.53
2041,FT-Diesel,"FT-Synthesis, Logging residues",mmbtu,34990048.53
2042,FT-Diesel,"FT-Synthesis, Logging residues",mmbtu,34990048.53
2043,FT-Diesel,"FT-Synthesis, Logging residues",mmbtu,34990048.53
2044,FT-Diesel,"FT-Synthesis, Logging residues",mmbtu,34990048.53
2045,FT-Diesel,"FT-Synthesis, Logging residues",mmbtu,34990048.53
2046,FT-Diesel,"FT-Synthesis, Logging residues",mmbtu,34990048.53
2047,FT-Diesel,"FT-Synthesis, Logging residues",mmbtu,34990048.53
2048,FT-Diesel,"FT-Synthesis, Logging residues",mmbtu,34990048.53
2049,FT-Diesel,"FT-Synthesis, Logging residues",mmbtu,34990048.53
2050,FT-Diesel,"FT-Synthesis, Logging residues",mmbtu,34990048.53
2020,FT-Diesel,"FT-Synthesis, Wood and wood wastes",mmbtu,0
2021,FT-Diesel,"FT-Synthesis, Wood and wood wastes",mmbtu,0
2022,FT-Diesel,"FT-Synthesis, Wood and wood wastes",mmbtu,0
2023,FT-Diesel,"FT-Synthesis, Wood and wood wastes",mmbtu,0
2024,FT-Diesel,"FT-Synthesis, Wood and wood wastes",mmbtu,0
2025,FT-Diesel,"FT-Synthesis, Wood and wood wastes",mmbtu,0
2026,FT-Diesel,"FT-Synthesis, Wood and wood wastes",mmbtu,0
2027,FT-Diesel,"FT-Synthesis, Wood and wood wastes",mmbtu,0
2028,FT-Diesel,"FT-Synthesis, Wood and wood wastes",mmbtu,0
2029,FT-Diesel,"FT-Synthesis, Wood and wood wastes",mmbtu,0
2030,FT-Diesel,"FT-Synthesis, Wood and wood wastes",mmbtu,0
2031,FT-Diesel,"FT-Synthesis, Wood and wood wastes",mmbtu,24969785.62
2032,FT-Diesel,"FT-Synthesis, Wood and wood wastes",mmbtu,87715951.39
2033,FT-Diesel,"FT-Synthesis, Wood and wood wastes",mmbtu,86318580.32
2034,FT-Diesel,"FT-Synthesis, Wood and wood wastes",mmbtu,84807369.79
2035,FT-Diesel,"FT-Synthesis, Wood and wood wastes",mmbtu,83171173.09
2036,FT-Diesel,"FT-Synthesis, Wood and wood wastes",mmbtu,80779289.77
2037,FT-Diesel,"FT-Synthesis, Wood and wood wastes",mmbtu,88833794.18
2038,FT-Diesel,"FT-Synthesis, Wood and wood wastes",mmbtu,101292346.7
2039,FT-Diesel,"FT-Synthesis, Wood and wood wastes",mmbtu,116272042.2
2040,FT-Diesel,"FT-Synthesis, Wood and wood wastes",mmbtu,131395659.8
2041,FT-Diesel,"FT-Synthesis, Wood and wood wastes",mmbtu,154433296.5
2042,FT-Diesel,"FT-Synthesis, Wood and wood wastes",mmbtu,154748679.5
2043,FT-Diesel,"FT-Synthesis, Wood and wood wastes",mmbtu,154592393.2
2044,FT-Diesel,"FT-Synthesis, Wood and wood wastes",mmbtu,157190600.3
2045,FT-Diesel,"FT-Synthesis, Wood and wood wastes",mmbtu,150013328
2046,FT-Diesel,"FT-Synthesis, Wood and wood wastes",mmbtu,154917458.3
2047,FT-Diesel,"FT-Synthesis, Wood and wood wastes",mmbtu,150979071.2
2048,FT-Diesel,"FT-Synthesis, Wood and wood wastes",mmbtu,150140349.1
2049,FT-Diesel,"FT-Synthesis, Wood and wood wastes",mmbtu,153721512.9
2050,FT-Diesel,"FT-Synthesis, Wood and wood wastes",mmbtu,152101293.4
2020,FT-Diesel,"FT-Synthesis, Whole tree biomass",mmbtu,0
2021,FT-Diesel,"FT-Synthesis, Whole tree biomass",mmbtu,0
2022,FT-Diesel,"FT-Synthesis, Whole tree biomass",mmbtu,0
2023,FT-Diesel,"FT-Synthesis, Whole tree biomass",mmbtu,0
2024,FT-Diesel,"FT-Synthesis, Whole tree biomass",mmbtu,0
2025,FT-Diesel,"FT-Synthesis, Whole tree biomass",mmbtu,0
2026,FT-Diesel,"FT-Synthesis, Whole tree biomass",mmbtu,0
2027,FT-Diesel,"FT-Synthesis, Whole tree biomass",mmbtu,0
2028,FT-Diesel,"FT-Synthesis, Whole tree biomass",mmbtu,0
2029,FT-Diesel,"FT-Synthesis, Whole tree biomass",mmbtu,0
2030,FT-Diesel,"FT-Synthesis, Whole tree biomass",mmbtu,0
2031,FT-Diesel,"FT-Synthesis, Whole tree biomass",mmbtu,0
2032,FT-Diesel,"FT-Synthesis, Whole tree biomass",mmbtu,0
2033,FT-Diesel,"FT-Synthesis, Whole tree biomass",mmbtu,0
2034,FT-Diesel,"FT-Synthesis, Whole tree biomass",mmbtu,57285420.13
2035,FT-Diesel,"FT-Synthesis, Whole tree biomass",mmbtu,61583074.3
2036,FT-Diesel,"FT-Synthesis, Whole tree biomass",mmbtu,62091594.03
2037,FT-Diesel,"FT-Synthesis, Whole tree biomass",mmbtu,63757434.57
2038,FT-Diesel,"FT-Synthesis, Whole tree biomass",mmbtu,64251914.24
2039,FT-Diesel,"FT-Synthesis, Whole tree biomass",mmbtu,57826680.44
2040,FT-Diesel,"FT-Synthesis, Whole tree biomass",mmbtu,58318852.93
2041,FT-Diesel,"FT-Synthesis, Whole tree biomass",mmbtu,58318852.93
2042,FT-Diesel,"FT-Synthesis, Whole tree biomass",mmbtu,58318852.93
2043,FT-Diesel,"FT-Synthesis, Whole tree biomass",mmbtu,58318852.93
2044,FT-Diesel,"FT-Synthesis, Whole tree biomass",mmbtu,58318852.93
2045,FT-Diesel,"FT-Synthesis, Whole tree biomass",mmbtu,58318852.93
2046,FT-Diesel,"FT-Synthesis, Whole tree biomass",mmbtu,58318852.93
2047,FT-Diesel,"FT-Synthesis, Whole tree biomass",mmbtu,58318852.93
2048,FT-Diesel,"FT-Synthesis, Whole tree biomass",mmbtu,58318852.93
2049,FT-Diesel,"FT-Synthesis, Whole tree biomass",mmbtu,58318852.93
2050,FT-Diesel,"FT-Synthesis, Whole tree biomass",mmbtu,58318852.93
2020,Renewable Diesel,"HTL, Algae",mmbtu,0
2021,Renewable Diesel,"HTL, Algae",mmbtu,0
2022,Renewable Diesel,"HTL, Algae",mmbtu,0
2023,Renewable Diesel,"HTL, Algae",mmbtu,0
2024,Renewable Diesel,"HTL, Algae",mmbtu,0
2025,Renewable Diesel,"HTL, Algae",mmbtu,0
2026,Renewable Diesel,"HTL, Algae",mmbtu,0
2027,Renewable Diesel,"HTL, Algae",mmbtu,0
2028,Renewable Diesel,"HTL, Algae",mmbtu,0
2029,Renewable Diesel,"HTL, Algae",mmbtu,0
2030,Renewable Diesel,"HTL, Algae",mmbtu,0
2031,Renewable Diesel,"HTL, Algae",mmbtu,0
2032,Renewable Diesel,"HTL, Algae",mmbtu,0
2033,Renewable Diesel,"HTL, Algae",mmbtu,0
2034,Renewable Diesel,"HTL, Algae",mmbtu,244851046.2
2035,Renewable Diesel,"HTL, Algae",mmbtu,305519857.5
2036,Renewable Diesel,"HTL, Algae",mmbtu,305519857.5
2037,Renewable Diesel,"HTL, Algae",mmbtu,305519857.5
2038,Renewable Diesel,"HTL, Algae",mmbtu,305519857.5
2039,Renewable Diesel,"HTL, Algae",mmbtu,305519857.5
2040,Renewable Diesel,"HTL, Algae",mmbtu,305519857.5
2041,Renewable Diesel,"HTL, Algae",mmbtu,305519857.5
2042,Renewable Diesel,"HTL, Algae",mmbtu,305519857.5
2043,Renewable Diesel,"HTL, Algae",mmbtu,305519857.5
2044,Renewable Diesel,"HTL, Algae",mmbtu,305519857.5
2045,Renewable Diesel,"HTL, Algae",mmbtu,305519857.5
2046,Renewable Diesel,"HTL, Algae",mmbtu,305519857.5
2047,Renewable Diesel,"HTL, Algae",mmbtu,305519857.5
2048,Renewable Diesel,"HTL, Algae",mmbtu,305519857.5
2049,Renewable Diesel,"HTL, Algae",mmbtu,305519857.5
2050,Renewable Diesel,"HTL, Algae",mmbtu,305519857.5
2020,Renewable Diesel,"HTL, Manure",mmbtu,0
2021,Renewable Diesel,"HTL, Manure",mmbtu,0
2022,Renewable Diesel,"HTL, Manure",mmbtu,0
2023,Renewable Diesel,"HTL, Manure",mmbtu,0
2024,Renewable Diesel,"HTL, Manure",mmbtu,0
2025,Renewable Diesel,"HTL, Manure",mmbtu,0
2026,Renewable Diesel,"HTL, Manure",mmbtu,0
2027,Renewable Diesel,"HTL, Manure",mmbtu,0
2028,Renewable Diesel,"HTL, Manure",mmbtu,0
2029,Renewable Diesel,"HTL, Manure",mmbtu,0
2030,Renewable Diesel,"HTL, Manure",mmbtu,0
2031,Renewable Diesel,"HTL, Manure",mmbtu,0
2032,Renewable Diesel,"HTL, Manure",mmbtu,0
2033,Renewable Diesel,"HTL, Manure",mmbtu,0
2034,Renewable Diesel,"HTL, Manure",mmbtu,69490200.78
2035,Renewable Diesel,"HTL, Manure",mmbtu,69490200.78
2036,Renewable Diesel,"HTL, Manure",mmbtu,69490200.78
2037,Renewable Diesel,"HTL, Manure",mmbtu,69490200.78
2038,Renewable Diesel,"HTL, Manure",mmbtu,69490200.78
2039,Renewable Diesel,"HTL, Manure",mmbtu,69490200.78
2040,Renewable Diesel,"HTL, Manure",mmbtu,68742994.32
2041,Renewable Diesel,"HTL, Manure",mmbtu,68742994.32
2042,Renewable Diesel,"HTL, Manure",mmbtu,68742994.32
2043,Renewable Diesel,"HTL, Manure",mmbtu,68742994.32
2044,Renewable Diesel,"HTL, Manure",mmbtu,68742994.32
2045,Renewable Diesel,"HTL, Manure",mmbtu,68742994.32
2046,Renewable Diesel,"HTL, Manure",mmbtu,68742994.32
2047,Renewable Diesel,"HTL, Manure",mmbtu,68742994.32
2048,Renewable Diesel,"HTL, Manure",mmbtu,68742994.32
2049,Renewable Diesel,"HTL, Manure",mmbtu,68742994.32
2050,Renewable Diesel,"HTL, Manure",mmbtu,68742994.32
2020,Renewable Diesel,"HTL, Wastewater sludge",mmbtu,0
2021,Renewable Diesel,"HTL, Wastewater sludge",mmbtu,0
2022,Renewable Diesel,"HTL, Wastewater sludge",mmbtu,0
2023,Renewable Diesel,"HTL, Wastewater sludge",mmbtu,0
2024,Renewable Diesel,"HTL, Wastewater sludge",mmbtu,0
2025,Renewable Diesel,"HTL, Wastewater sludge",mmbtu,0
2026,Renewable Diesel,"HTL, Wastewater sludge",mmbtu,0
2027,Renewable Diesel,"HTL, Wastewater sludge",mmbtu,0
2028,Renewable Diesel,"HTL, Wastewater sludge",mmbtu,0
2029,Renewable Diesel,"HTL, Wastewater sludge",mmbtu,0
2030,Renewable Diesel,"HTL, Wastewater sludge",mmbtu,0
2031,Renewable Diesel,"HTL, Wastewater sludge",mmbtu,0
2032,Renewable Diesel,"HTL, Wastewater sludge",mmbtu,0
2033,Renewable Diesel,"HTL, Wastewater sludge",mmbtu,0
2034,Renewable Diesel,"HTL, Wastewater sludge",mmbtu,42425999.62
2035,Renewable Diesel,"HTL, Wastewater sludge",mmbtu,42425999.62
2036,Renewable Diesel,"HTL, Wastewater sludge",mmbtu,42425999.62
2037,Renewable Diesel,"HTL, Wastewater sludge",mmbtu,42425999.62
2038,Renewable Diesel,"HTL, Wastewater sludge",mmbtu,42425999.62
2039,Renewable Diesel,"HTL, Wastewater sludge",mmbtu,42425999.62
2040,Renewable Diesel,"HTL, Wastewater sludge",mmbtu,42425999.62
2041,Renewable Diesel,"HTL, Wastewater sludge",mmbtu,42425999.62
2042,Renewable Diesel,"HTL, Wastewater sludge",mmbtu,42425999.62
2043,Renewable Diesel,"HTL, Wastewater sludge",mmbtu,42425999.62
2044,Renewable Diesel,"HTL, Wastewater sludge",mmbtu,42425999.62
2045,Renewable Diesel,"HTL, Wastewater sludge",mmbtu,42425999.62
2046,Renewable Diesel,"HTL, Wastewater sludge",mmbtu,42425999.62
2047,Renewable Diesel,"HTL, Wastewater sludge",mmbtu,42425999.62
2048,Renewable Diesel,"HTL, Wastewater sludge",mmbtu,42425999.62
2049,Renewable Diesel,"HTL, Wastewater sludge",mmbtu,42425999.62
2050,Renewable Diesel,"HTL, Wastewater sludge",mmbtu,42425999.62
2020,Renewable Diesel,"ETJ, Corn ethanol",mmbtu,0
2021,Renewable Diesel,"ETJ, Corn ethanol",mmbtu,0
2022,Renewable Diesel,"ETJ, Corn ethanol",mmbtu,0
2023,Renewable Diesel,"ETJ, Corn ethanol",mmbtu,0
2024,Renewable Diesel,"ETJ, Corn ethanol",mmbtu,0
2025,Renewable Diesel,"ETJ, Corn ethanol",mmbtu,0
2026,Renewable Diesel,"ETJ, Corn ethanol",mmbtu,0
2027,Renewable Diesel,"ETJ, Corn ethanol",mmbtu,0
2028,Renewable Diesel,"ETJ, Corn ethanol",mmbtu,0
2029,Renewable Diesel,"ETJ, Corn ethanol",mmbtu,0
2030,Renewable Diesel,"ETJ, Corn ethanol",mmbtu,0
2031,Renewable Diesel,"ETJ, Corn ethanol",mmbtu,0
2032,Renewable Diesel,"ETJ, Corn ethanol",mmbtu,0
2033,Renewable Diesel,"ETJ, Corn ethanol",mmbtu,0
2034,Renewable Diesel,"ETJ, Corn ethanol",mmbtu,0
2035,Renewable Diesel,"ETJ, Corn ethanol",mmbtu,268100.1826
2036,Renewable Diesel,"ETJ, Corn ethanol",mmbtu,27979447.18
2037,Renewable Diesel,"ETJ, Corn ethanol",mmbtu,32634529.21
2038,Renewable Diesel,"ETJ, Corn ethanol",mmbtu,37365459.92
2039,Renewable Diesel,"ETJ, Corn ethanol",mmbtu,141144598.6
2040,Renewable Diesel,"ETJ, Corn ethanol",mmbtu,158533903.6
2041,Renewable Diesel,"ETJ, Corn ethanol",mmbtu,167202268
2042,Renewable Diesel,"ETJ, Corn ethanol",mmbtu,183068986.8
2043,Renewable Diesel,"ETJ, Corn ethanol",mmbtu,196165704.3
2044,Renewable Diesel,"ETJ, Corn ethanol",mmbtu,205978257.7
2045,Renewable Diesel,"ETJ, Corn ethanol",mmbtu,218499048.6
2046,Renewable Diesel,"ETJ, Corn ethanol",mmbtu,223854305.8
2047,Renewable Diesel,"ETJ, Corn ethanol",mmbtu,77663005.82
2048,Renewable Diesel,"ETJ, Corn ethanol",mmbtu,81440705.78
2049,Renewable Diesel,"ETJ, Corn ethanol",mmbtu,84620966.02
2050,Renewable Diesel,"ETJ, Corn ethanol",mmbtu,86204804.41
2020,Renewable Diesel,"ETJ, Cellulosic ethanol",mmbtu,0
2021,Renewable Diesel,"ETJ, Cellulosic ethanol",mmbtu,0
2022,Renewable Diesel,"ETJ, Cellulosic ethanol",mmbtu,0
2023,Renewable Diesel,"ETJ, Cellulosic ethanol",mmbtu,0
2024,Renewable Diesel,"ETJ, Cellulosic ethanol",mmbtu,0
2025,Renewable Diesel,"ETJ, Cellulosic ethanol",mmbtu,0
2026,Renewable Diesel,"ETJ, Cellulosic ethanol",mmbtu,0
2027,Renewable Diesel,"ETJ, Cellulosic ethanol",mmbtu,0
2028,Renewable Diesel,"ETJ, Cellulosic ethanol",mmbtu,0
2029,Renewable Diesel,"ETJ, Cellulosic ethanol",mmbtu,0
2030,Renewable Diesel,"ETJ, Cellulosic ethanol",mmbtu,0
2031,Renewable Diesel,"ETJ, Cellulosic ethanol",mmbtu,0
2032,Renewable Diesel,"ETJ, Cellulosic ethanol",mmbtu,0
2033,Renewable Diesel,"ETJ, Cellulosic ethanol",mmbtu,0
2034,Renewable Diesel,"ETJ, Cellulosic ethanol",mmbtu,0
2035,Renewable Diesel,"ETJ, Cellulosic ethanol",mmbtu,0
2036,Renewable Diesel,"ETJ, Cellulosic ethanol",mmbtu,18768653.85
2037,Renewable Diesel,"ETJ, Cellulosic ethanol",mmbtu,52076416.87
2038,Renewable Diesel,"ETJ, Cellulosic ethanol",mmbtu,78056530.01
2039,Renewable Diesel,"ETJ, Cellulosic ethanol",mmbtu,0
2040,Renewable Diesel,"ETJ, Cellulosic ethanol",mmbtu,0
2041,Renewable Diesel,"ETJ, Cellulosic ethanol",mmbtu,0
2042,Renewable Diesel,"ETJ, Cellulosic ethanol",mmbtu,0
2043,Renewable Diesel,"ETJ, Cellulosic ethanol",mmbtu,0
2044,Renewable Diesel,"ETJ, Cellulosic ethanol",mmbtu,0
2045,Renewable Diesel,"ETJ, Cellulosic ethanol",mmbtu,0
2046,Renewable Diesel,"ETJ, Cellulosic ethanol",mmbtu,0
2047,Renewable Diesel,"ETJ, Cellulosic ethanol",mmbtu,154520651.6
2048,Renewable Diesel,"ETJ, Cellulosic ethanol",mmbtu,156702393.8
2049,Renewable Diesel,"ETJ, Cellulosic ethanol",mmbtu,156646488.3
2050,Renewable Diesel,"ETJ, Cellulosic ethanol",mmbtu,160491385.8
2020,Renewable Gasoline,"FT-Synthesis, MSW",mmbtu,0
2021,Renewable Gasoline,"FT-Synthesis, MSW",mmbtu,0
2022,Renewable Gasoline,"FT-Synthesis, MSW",mmbtu,0
2023,Renewable Gasoline,"FT-Synthesis, MSW",mmbtu,0
2024,Renewable Gasoline,"FT-Synthesis, MSW",mmbtu,0
2025,Renewable Gasoline,"FT-Synthesis, MSW",mmbtu,0
2026,Renewable Gasoline,"FT-Synthesis, MSW",mmbtu,0
2027,Renewable Gasoline,"FT-Synthesis, MSW",mmbtu,0
2028,Renewable Gasoline,"FT-Synthesis, MSW",mmbtu,0
2029,Renewable Gasoline,"FT-Synthesis, MSW",mmbtu,0
2030,Renewable Gasoline,"FT-Synthesis, MSW",mmbtu,0
2031,Renewable Gasoline,"FT-Synthesis, MSW",mmbtu,0
2032,Renewable Gasoline,"FT-Synthesis, MSW",mmbtu,0
2033,Renewable Gasoline,"FT-Synthesis, MSW",mmbtu,13029521.21
2034,Renewable Gasoline,"FT-Synthesis, MSW",mmbtu,168786286.6
2035,Renewable Gasoline,"FT-Synthesis, MSW",mmbtu,168268135.3
2036,Renewable Gasoline,"FT-Synthesis, MSW",mmbtu,167701486
2037,Renewable Gasoline,"FT-Synthesis, MSW",mmbtu,166841161.7
2038,Renewable Gasoline,"FT-Synthesis, MSW",mmbtu,170039816.8
2039,Renewable Gasoline,"FT-Synthesis, MSW",mmbtu,174951275.2
2040,Renewable Gasoline,"FT-Synthesis, MSW",mmbtu,180842397.3
2041,Renewable Gasoline,"FT-Synthesis, MSW",mmbtu,189311816.1
2042,Renewable Gasoline,"FT-Synthesis, MSW",mmbtu,195164829
2043,Renewable Gasoline,"FT-Synthesis, MSW",mmbtu,195244956.2
2044,Renewable Gasoline,"FT-Synthesis, MSW",mmbtu,195205249.6
2045,Renewable Gasoline,"FT-Synthesis, MSW",mmbtu,195865358.1
2046,Renewable Gasoline,"FT-Synthesis, MSW",mmbtu,194041878.2
2047,Renewable Gasoline,"FT-Synthesis, MSW",mmbtu,195287836.6
2048,Renewable Gasoline,"FT-Synthesis, MSW",mmbtu,194287237.9
2049,Renewable Gasoline,"FT-Synthesis, MSW",mmbtu,194074149.5
2050,Renewable Gasoline,"FT-Synthesis, MSW",mmbtu,194983991
2020,Renewable Gasoline,"FT-Synthesis, Poplar",mmbtu,0
2021,Renewable Gasoline,"FT-Synthesis, Poplar",mmbtu,0
2022,Renewable Gasoline,"FT-Synthesis, Poplar",mmbtu,0
2023,Renewable Gasoline,"FT-Synthesis, Poplar",mmbtu,0
2024,Renewable Gasoline,"FT-Synthesis, Poplar",mmbtu,0
2025,Renewable Gasoline,"FT-Synthesis, Poplar",mmbtu,0
2026,Renewable Gasoline,"FT-Synthesis, Poplar",mmbtu,0
2027,Renewable Gasoline,"FT-Synthesis, Poplar",mmbtu,0
2028,Renewable Gasoline,"FT-Synthesis, Poplar",mmbtu,0
2029,Renewable Gasoline,"FT-Synthesis, Poplar",mmbtu,0
2030,Renewable Gasoline,"FT-Synthesis, Poplar",mmbtu,0
2031,Renewable Gasoline,"FT-Synthesis, Poplar",mmbtu,0
2032,Renewable Gasoline,"FT-Synthesis, Poplar",mmbtu,0
2033,Renewable Gasoline,"FT-Synthesis, Poplar",mmbtu,0
2034,Renewable Gasoline,"FT-Synthesis, Poplar",mmbtu,66365611.71
2035,Renewable Gasoline,"FT-Synthesis, Poplar",mmbtu,68619100.56
2036,Renewable Gasoline,"FT-Synthesis, Poplar",mmbtu,70952650.96
2037,Renewable Gasoline,"FT-Synthesis, Poplar",mmbtu,73216642.26
2038,Renewable Gasoline,"FT-Synthesis, Poplar",mmbtu,75098758.79
2039,Renewable Gasoline,"FT-Synthesis, Poplar",mmbtu,76937034.33
2040,Renewable Gasoline,"FT-Synthesis, Poplar",mmbtu,78707019.66
2041,Renewable Gasoline,"FT-Synthesis, Poplar",mmbtu,80844581.51
2042,Renewable Gasoline,"FT-Synthesis, Poplar",mmbtu,80844581.51
2043,Renewable Gasoline,"FT-Synthesis, Poplar",mmbtu,80844581.51
2044,Renewable Gasoline,"FT-Synthesis, Poplar",mmbtu,80844581.51
2045,Renewable Gasoline,"FT-Synthesis, Poplar",mmbtu,80844581.51
2046,Renewable Gasoline,"FT-Synthesis, Poplar",mmbtu,80844581.51
2047,Renewable Gasoline,"FT-Synthesis, Poplar",mmbtu,80844581.51
2048,Renewable Gasoline,"FT-Synthesis, Poplar",mmbtu,80844581.51
2049,Renewable Gasoline,"FT-Synthesis, Poplar",mmbtu,80844581.51
2050,Renewable Gasoline,"FT-Synthesis, Poplar",mmbtu,80844581.51
2020,Renewable Gasoline,"FT-Synthesis, Willow",mmbtu,0
2021,Renewable Gasoline,"FT-Synthesis, Willow",mmbtu,0
2022,Renewable Gasoline,"FT-Synthesis, Willow",mmbtu,0
2023,Renewable Gasoline,"FT-Synthesis, Willow",mmbtu,0
2024,Renewable Gasoline,"FT-Synthesis, Willow",mmbtu,0
2025,Renewable Gasoline,"FT-Synthesis, Willow",mmbtu,0
2026,Renewable Gasoline,"FT-Synthesis, Willow",mmbtu,0
2027,Renewable Gasoline,"FT-Synthesis, Willow",mmbtu,0
2028,Renewable Gasoline,"FT-Synthesis, Willow",mmbtu,0
2029,Renewable Gasoline,"FT-Synthesis, Willow",mmbtu,0
2030,Renewable Gasoline,"FT-Synthesis, Willow",mmbtu,0
2031,Renewable Gasoline,"FT-Synthesis, Willow",mmbtu,0
2032,Renewable Gasoline,"FT-Synthesis, Willow",mmbtu,0
2033,Renewable Gasoline,"FT-Synthesis, Willow",mmbtu,0
2034,Renewable Gasoline,"FT-Synthesis, Willow",mmbtu,38388350.87
2035,Renewable Gasoline,"FT-Synthesis, Willow",mmbtu,41609806.79
2036,Renewable Gasoline,"FT-Synthesis, Willow",mmbtu,43736568.8
2037,Renewable Gasoline,"FT-Synthesis, Willow",mmbtu,46492053.57
2038,Renewable Gasoline,"FT-Synthesis, Willow",mmbtu,48819364.14
2039,Renewable Gasoline,"FT-Synthesis, Willow",mmbtu,51704007.16
2040,Renewable Gasoline,"FT-Synthesis, Willow",mmbtu,47017184.78
2041,Renewable Gasoline,"FT-Synthesis, Willow",mmbtu,45246401
2042,Renewable Gasoline,"FT-Synthesis, Willow",mmbtu,45246401
2043,Renewable Gasoline,"FT-Synthesis, Willow",mmbtu,45246401
2044,Renewable Gasoline,"FT-Synthesis, Willow",mmbtu,45246401
2045,Renewable Gasoline,"FT-Synthesis, Willow",mmbtu,45246401
2046,Renewable Gasoline,"FT-Synthesis, Willow",mmbtu,45246401
2047,Renewable Gasoline,"FT-Synthesis, Willow",mmbtu,45246401
2048,Renewable Gasoline,"FT-Synthesis, Willow",mmbtu,45246401
2049,Renewable Gasoline,"FT-Synthesis, Willow",mmbtu,45246401
2050,Renewable Gasoline,"FT-Synthesis, Willow",mmbtu,45246401
2020,Renewable Gasoline,"FT-Synthesis, Logging Residues",mmbtu,0
2021,Renewable Gasoline,"FT-Synthesis, Logging Residues",mmbtu,0
2022,Renewable Gasoline,"FT-Synthesis, Logging Residues",mmbtu,0
2023,Renewable Gasoline,"FT-Synthesis, Logging Residues",mmbtu,0
2024,Renewable Gasoline,"FT-Synthesis, Logging Residues",mmbtu,0
2025,Renewable Gasoline,"FT-Synthesis, Logging Residues",mmbtu,0
2026,Renewable Gasoline,"FT-Synthesis, Logging Residues",mmbtu,0
2027,Renewable Gasoline,"FT-Synthesis, Logging Residues",mmbtu,0
2028,Renewable Gasoline,"FT-Synthesis, Logging Residues",mmbtu,0
2029,Renewable Gasoline,"FT-Synthesis, Logging Residues",mmbtu,0
2030,Renewable Gasoline,"FT-Synthesis, Logging Residues",mmbtu,0
2031,Renewable Gasoline,"FT-Synthesis, Logging Residues",mmbtu,0
2032,Renewable Gasoline,"FT-Synthesis, Logging Residues",mmbtu,0
2033,Renewable Gasoline,"FT-Synthesis, Logging Residues",mmbtu,67139605.95
2034,Renewable Gasoline,"FT-Synthesis, Logging Residues",mmbtu,67295167.21
2035,Renewable Gasoline,"FT-Synthesis, Logging Residues",mmbtu,67569816.84
2036,Renewable Gasoline,"FT-Synthesis, Logging Residues",mmbtu,67353874.19
2037,Renewable Gasoline,"FT-Synthesis, Logging Residues",mmbtu,67277904.05
2038,Renewable Gasoline,"FT-Synthesis, Logging Residues",mmbtu,66808590.62
2039,Renewable Gasoline,"FT-Synthesis, Logging Residues",mmbtu,66671806.52
2040,Renewable Gasoline,"FT-Synthesis, Logging Residues",mmbtu,66028679.17
2041,Renewable Gasoline,"FT-Synthesis, Logging Residues",mmbtu,65629804.39
2042,Renewable Gasoline,"FT-Synthesis, Logging Residues",mmbtu,65629804.39
2043,Renewable Gasoline,"FT-Synthesis, Logging Residues",mmbtu,65629804.39
2044,Renewable Gasoline,"FT-Synthesis, Logging Residues",mmbtu,65629804.39
2045,Renewable Gasoline,"FT-Synthesis, Logging Residues",mmbtu,65629804.39
2046,Renewable Gasoline,"FT-Synthesis, Logging Residues",mmbtu,65629804.39
2047,Renewable Gasoline,"FT-Synthesis, Logging Residues",mmbtu,65629804.39
2048,Renewable Gasoline,"FT-Synthesis, Logging Residues",mmbtu,65629804.39
2049,Renewable Gasoline,"FT-Synthesis, Logging Residues",mmbtu,65629804.39
2050,Renewable Gasoline,"FT-Synthesis, Logging Residues",mmbtu,65629804.39
2020,Renewable Gasoline,"FT-Synthesis, Wood and wood wastes",mmbtu,0
2021,Renewable Gasoline,"FT-Synthesis, Wood and wood wastes",mmbtu,0
2022,Renewable Gasoline,"FT-Synthesis, Wood and wood wastes",mmbtu,0
2023,Renewable Gasoline,"FT-Synthesis, Wood and wood wastes",mmbtu,0
2024,Renewable Gasoline,"FT-Synthesis, Wood and wood wastes",mmbtu,0
2025,Renewable Gasoline,"FT-Synthesis, Wood and wood wastes",mmbtu,0
2026,Renewable Gasoline,"FT-Synthesis, Wood and wood wastes",mmbtu,0
2027,Renewable Gasoline,"FT-Synthesis, Wood and wood wastes",mmbtu,0
2028,Renewable Gasoline,"FT-Synthesis, Wood and wood wastes",mmbtu,0
2029,Renewable Gasoline,"FT-Synthesis, Wood and wood wastes",mmbtu,0
2030,Renewable Gasoline,"FT-Synthesis, Wood and wood wastes",mmbtu,0
2031,Renewable Gasoline,"FT-Synthesis, Wood and wood wastes",mmbtu,0
2032,Renewable Gasoline,"FT-Synthesis, Wood and wood wastes",mmbtu,46835092.11
2033,Renewable Gasoline,"FT-Synthesis, Wood and wood wastes",mmbtu,164526228.9
2034,Renewable Gasoline,"FT-Synthesis, Wood and wood wastes",mmbtu,161905221.1
2035,Renewable Gasoline,"FT-Synthesis, Wood and wood wastes",mmbtu,159070687.9
2036,Renewable Gasoline,"FT-Synthesis, Wood and wood wastes",mmbtu,156001721.9
2037,Renewable Gasoline,"FT-Synthesis, Wood and wood wastes",mmbtu,151515336.8
2038,Renewable Gasoline,"FT-Synthesis, Wood and wood wastes",mmbtu,166622933.7
2039,Renewable Gasoline,"FT-Synthesis, Wood and wood wastes",mmbtu,189991074
2040,Renewable Gasoline,"FT-Synthesis, Wood and wood wastes",mmbtu,218088048
2041,Renewable Gasoline,"FT-Synthesis, Wood and wood wastes",mmbtu,246454972.6
2042,Renewable Gasoline,"FT-Synthesis, Wood and wood wastes",mmbtu,289665989.8
2043,Renewable Gasoline,"FT-Synthesis, Wood and wood wastes",mmbtu,290257544.5
2044,Renewable Gasoline,"FT-Synthesis, Wood and wood wastes",mmbtu,289964402.8
2045,Renewable Gasoline,"FT-Synthesis, Wood and wood wastes",mmbtu,294837783.4
2046,Renewable Gasoline,"FT-Synthesis, Wood and wood wastes",mmbtu,281375585
2047,Renewable Gasoline,"FT-Synthesis, Wood and wood wastes",mmbtu,290574117.9
2048,Renewable Gasoline,"FT-Synthesis, Wood and wood wastes",mmbtu,283187001.1
2049,Renewable Gasoline,"FT-Synthesis, Wood and wood wastes",mmbtu,281613834.6
2050,Renewable Gasoline,"FT-Synthesis, Wood and wood wastes",mmbtu,288330918.2
2020,Renewable Gasoline,"FT-Synthesis, Whole Tree Biomass",mmbtu,0
2021,Renewable Gasoline,"FT-Synthesis, Whole Tree Biomass",mmbtu,0
2022,Renewable Gasoline,"FT-Synthesis, Whole Tree Biomass",mmbtu,0
2023,Renewable Gasoline,"FT-Synthesis, Whole Tree Biomass",mmbtu,0
2024,Renewable Gasoline,"FT-Synthesis, Whole Tree Biomass",mmbtu,0
2025,Renewable Gasoline,"FT-Synthesis, Whole Tree Biomass",mmbtu,0
2026,Renewable Gasoline,"FT-Synthesis, Whole Tree Biomass",mmbtu,0
2027,Renewable Gasoline,"FT-Synthesis, Whole Tree Biomass",mmbtu,0
2028,Renewable Gasoline,"FT-Synthesis, Whole Tree Biomass",mmbtu,0
2029,Renewable Gasoline,"FT-Synthesis, Whole Tree Biomass",mmbtu,0
2030,Renewable Gasoline,"FT-Synthesis, Whole Tree Biomass",mmbtu,0
2031,Renewable Gasoline,"FT-Synthesis, Whole Tree Biomass",mmbtu,0
2032,Renewable Gasoline,"FT-Synthesis, Whole Tree Biomass",mmbtu,0
2033,Renewable Gasoline,"FT-Synthesis, Whole Tree Biomass",mmbtu,0
2034,Renewable Gasoline,"FT-Synthesis, Whole Tree Biomass",mmbtu,0
2035,Renewable Gasoline,"FT-Synthesis, Whole Tree Biomass",mmbtu,107448576.8
2036,Renewable Gasoline,"FT-Synthesis, Whole Tree Biomass",mmbtu,115509560.3
2037,Renewable Gasoline,"FT-Synthesis, Whole Tree Biomass",mmbtu,116463375.8
2038,Renewable Gasoline,"FT-Synthesis, Whole Tree Biomass",mmbtu,119587943.9
2039,Renewable Gasoline,"FT-Synthesis, Whole Tree Biomass",mmbtu,120515424.8
2040,Renewable Gasoline,"FT-Synthesis, Whole Tree Biomass",mmbtu,108463802.9
2041,Renewable Gasoline,"FT-Synthesis, Whole Tree Biomass",mmbtu,109386956.3
2042,Renewable Gasoline,"FT-Synthesis, Whole Tree Biomass",mmbtu,109386956.3
2043,Renewable Gasoline,"FT-Synthesis, Whole Tree Biomass",mmbtu,109386956.3
2044,Renewable Gasoline,"FT-Synthesis, Whole Tree Biomass",mmbtu,109386956.3
2045,Renewable Gasoline,"FT-Synthesis, Whole Tree Biomass",mmbtu,109386956.3
2046,Renewable Gasoline,"FT-Synthesis, Whole Tree Biomass",mmbtu,109386956.3
2047,Renewable Gasoline,"FT-Synthesis, Whole Tree Biomass",mmbtu,109386956.3
2048,Renewable Gasoline,"FT-Synthesis, Whole Tree Biomass",mmbtu,109386956.3
2049,Renewable Gasoline,"FT-Synthesis, Whole Tree Biomass",mmbtu,109386956.3
2050,Renewable Gasoline,"FT-Synthesis, Whole Tree Biomass",mmbtu,109386956.3
2020,Renewable Gasoline,"HTL, Algae",mmbtu,0
2021,Renewable Gasoline,"HTL, Algae",mmbtu,0
2022,Renewable Gasoline,"HTL, Algae",mmbtu,0
2023,Renewable Gasoline,"HTL, Algae",mmbtu,0
2024,Renewable Gasoline,"HTL, Algae",mmbtu,0
2025,Renewable Gasoline,"HTL, Algae",mmbtu,0
2026,Renewable Gasoline,"HTL, Algae",mmbtu,0
2027,Renewable Gasoline,"HTL, Algae",mmbtu,0
2028,Renewable Gasoline,"HTL, Algae",mmbtu,0
2029,Renewable Gasoline,"HTL, Algae",mmbtu,0
2030,Renewable Gasoline,"HTL, Algae",mmbtu,0
2031,Renewable Gasoline,"HTL, Algae",mmbtu,0
2032,Renewable Gasoline,"HTL, Algae",mmbtu,0
2033,Renewable Gasoline,"HTL, Algae",mmbtu,0
2034,Renewable Gasoline,"HTL, Algae",mmbtu,0
2035,Renewable Gasoline,"HTL, Algae",mmbtu,182394272.6
2036,Renewable Gasoline,"HTL, Algae",mmbtu,227587641.8
2037,Renewable Gasoline,"HTL, Algae",mmbtu,227587641.8
2038,Renewable Gasoline,"HTL, Algae",mmbtu,227587641.8
2039,Renewable Gasoline,"HTL, Algae",mmbtu,227587641.8
2040,Renewable Gasoline,"HTL, Algae",mmbtu,227587641.8
2041,Renewable Gasoline,"HTL, Algae",mmbtu,227587641.8
2042,Renewable Gasoline,"HTL, Algae",mmbtu,227587641.8
2043,Renewable Gasoline,"HTL, Algae",mmbtu,227587641.8
2044,Renewable Gasoline,"HTL, Algae",mmbtu,227587641.8
2045,Renewable Gasoline,"HTL, Algae",mmbtu,227587641.8
2046,Renewable Gasoline,"HTL, Algae",mmbtu,227587641.8
2047,Renewable Gasoline,"HTL, Algae",mmbtu,227587641.8
2048,Renewable Gasoline,"HTL, Algae",mmbtu,227587641.8
2049,Renewable Gasoline,"HTL, Algae",mmbtu,227587641.8
2050,Renewable Gasoline,"HTL, Algae",mmbtu,227587641.8
2020,Renewable Gasoline,"HTL, Sludge",mmbtu,0
2021,Renewable Gasoline,"HTL, Sludge",mmbtu,0
2022,Renewable Gasoline,"HTL, Sludge",mmbtu,0
2023,Renewable Gasoline,"HTL, Sludge",mmbtu,0
2024,Renewable Gasoline,"HTL, Sludge",mmbtu,0
2025,Renewable Gasoline,"HTL, Sludge",mmbtu,0
2026,Renewable Gasoline,"HTL, Sludge",mmbtu,0
2027,Renewable Gasoline,"HTL, Sludge",mmbtu,0
2028,Renewable Gasoline,"HTL, Sludge",mmbtu,0
2029,Renewable Gasoline,"HTL, Sludge",mmbtu,0
2030,Renewable Gasoline,"HTL, Sludge",mmbtu,0
2031,Renewable Gasoline,"HTL, Sludge",mmbtu,0
2032,Renewable Gasoline,"HTL, Sludge",mmbtu,0
2033,Renewable Gasoline,"HTL, Sludge",mmbtu,0
2034,Renewable Gasoline,"HTL, Sludge",mmbtu,0
2035,Renewable Gasoline,"HTL, Sludge",mmbtu,25843795.99
2036,Renewable Gasoline,"HTL, Sludge",mmbtu,25843795.99
2037,Renewable Gasoline,"HTL, Sludge",mmbtu,25843795.99
2038,Renewable Gasoline,"HTL, Sludge",mmbtu,25843795.99
2039,Renewable Gasoline,"HTL, Sludge",mmbtu,25843795.99
2040,Renewable Gasoline,"HTL, Sludge",mmbtu,25843795.99
2041,Renewable Gasoline,"HTL, Sludge",mmbtu,25843795.99
2042,Renewable Gasoline,"HTL, Sludge",mmbtu,25843795.99
2043,Renewable Gasoline,"HTL, Sludge",mmbtu,25843795.99
2044,Renewable Gasoline,"HTL, Sludge",mmbtu,25843795.99
2045,Renewable Gasoline,"HTL, Sludge",mmbtu,25843795.99
2046,Renewable Gasoline,"HTL, Sludge",mmbtu,25843795.99
2047,Renewable Gasoline,"HTL, Sludge",mmbtu,25843795.99
2048,Renewable Gasoline,"HTL, Sludge",mmbtu,25843795.99
2049,Renewable Gasoline,"HTL, Sludge",mmbtu,25843795.99
2050,Renewable Gasoline,"HTL, Sludge",mmbtu,25843795.99
2020,Renewable Gasoline,"HTL, Manure",mmbtu,0
2021,Renewable Gasoline,"HTL, Manure",mmbtu,0
2022,Renewable Gasoline,"HTL, Manure",mmbtu,0
2023,Renewable Gasoline,"HTL, Manure",mmbtu,0
2024,Renewable Gasoline,"HTL, Manure",mmbtu,0
2025,Renewable Gasoline,"HTL, Manure",mmbtu,0
2026,Renewable Gasoline,"HTL, Manure",mmbtu,0
2027,Renewable Gasoline,"HTL, Manure",mmbtu,0
2028,Renewable Gasoline,"HTL, Manure",mmbtu,0
2029,Renewable Gasoline,"HTL, Manure",mmbtu,0
2030,Renewable Gasoline,"HTL, Manure",mmbtu,0
2031,Renewable Gasoline,"HTL, Manure",mmbtu,0
2032,Renewable Gasoline,"HTL, Manure",mmbtu,0
2033,Renewable Gasoline,"HTL, Manure",mmbtu,0
2034,Renewable Gasoline,"HTL, Manure",mmbtu,0
2035,Renewable Gasoline,"HTL, Manure",mmbtu,42584782.21
2036,Renewable Gasoline,"HTL, Manure",mmbtu,42584782.21
2037,Renewable Gasoline,"HTL, Manure",mmbtu,42584782.21
2038,Renewable Gasoline,"HTL, Manure",mmbtu,42584782.21
2039,Renewable Gasoline,"HTL, Manure",mmbtu,42584782.21
2040,Renewable Gasoline,"HTL, Manure",mmbtu,42584782.21
2041,Renewable Gasoline,"HTL, Manure",mmbtu,42126881.33
2042,Renewable Gasoline,"HTL, Manure",mmbtu,42126881.33
2043,Renewable Gasoline,"HTL, Manure",mmbtu,42126881.33
2044,Renewable Gasoline,"HTL, Manure",mmbtu,42126881.33
2045,Renewable Gasoline,"HTL, Manure",mmbtu,42126881.33
2046,Renewable Gasoline,"HTL, Manure",mmbtu,42126881.33
2047,Renewable Gasoline,"HTL, Manure",mmbtu,42126881.33
2048,Renewable Gasoline,"HTL, Manure",mmbtu,42126881.33
2049,Renewable Gasoline,"HTL, Manure",mmbtu,42126881.33
2050,Renewable Gasoline,"HTL, Manure",mmbtu,42126881.33
2020,Renewable Gasoline,"CAP, Algae",mmbtu,0
2021,Renewable Gasoline,"CAP, Algae",mmbtu,0
2022,Renewable Gasoline,"CAP, Algae",mmbtu,0
2023,Renewable Gasoline,"CAP, Algae",mmbtu,0
2024,Renewable Gasoline,"CAP, Algae",mmbtu,0
2025,Renewable Gasoline,"CAP, Algae",mmbtu,0
2026,Renewable Gasoline,"CAP, Algae",mmbtu,0
2027,Renewable Gasoline,"CAP, Algae",mmbtu,0
2028,Renewable Gasoline,"CAP, Algae",mmbtu,0
2029,Renewable Gasoline,"CAP, Algae",mmbtu,0
2030,Renewable Gasoline,"CAP, Algae",mmbtu,0
2031,Renewable Gasoline,"CAP, Algae",mmbtu,0
2032,Renewable Gasoline,"CAP, Algae",mmbtu,0
2033,Renewable Gasoline,"CAP, Algae",mmbtu,0
2034,Renewable Gasoline,"CAP, Algae",mmbtu,0
2035,Renewable Gasoline,"CAP, Algae",mmbtu,0
2036,Renewable Gasoline,"CAP, Algae",mmbtu,212119858.9
2037,Renewable Gasoline,"CAP, Algae",mmbtu,212119858.9
2038,Renewable Gasoline,"CAP, Algae",mmbtu,212119858.9
2039,Renewable Gasoline,"CAP, Algae",mmbtu,212119858.9
2040,Renewable Gasoline,"CAP, Algae",mmbtu,212119858.9
2041,Renewable Gasoline,"CAP, Algae",mmbtu,212119858.9
2042,Renewable Gasoline,"CAP, Algae",mmbtu,212119858.9
2043,Renewable Gasoline,"CAP, Algae",mmbtu,212119858.9
2044,Renewable Gasoline,"CAP, Algae",mmbtu,212119858.9
2045,Renewable Gasoline,"CAP, Algae",mmbtu,212119858.9
2046,Renewable Gasoline,"CAP, Algae",mmbtu,212119858.9
2047,Renewable Gasoline,"CAP, Algae",mmbtu,212119858.9
2048,Renewable Gasoline,"CAP, Algae",mmbtu,212119858.9
2049,Renewable Gasoline,"CAP, Algae",mmbtu,212119858.9
2050,Renewable Gasoline,"CAP, Algae",mmbtu,212119858.9
2020,Renewable Gasoline,"ETJ, Corn ethanol",mmbtu,0
2021,Renewable Gasoline,"ETJ, Corn ethanol",mmbtu,0
2022,Renewable Gasoline,"ETJ, Corn ethanol",mmbtu,0
2023,Renewable Gasoline,"ETJ, Corn ethanol",mmbtu,0
2024,Renewable Gasoline,"ETJ, Corn ethanol",mmbtu,0
2025,Renewable Gasoline,"ETJ, Corn ethanol",mmbtu,0
2026,Renewable Gasoline,"ETJ, Corn ethanol",mmbtu,0
2027,Renewable Gasoline,"ETJ, Corn ethanol",mmbtu,0
2028,Renewable Gasoline,"ETJ, Corn ethanol",mmbtu,0
2029,Renewable Gasoline,"ETJ, Corn ethanol",mmbtu,0
2030,Renewable Gasoline,"ETJ, Corn ethanol",mmbtu,0
2031,Renewable Gasoline,"ETJ, Corn ethanol",mmbtu,0
2032,Renewable Gasoline,"ETJ, Corn ethanol",mmbtu,0
2033,Renewable Gasoline,"ETJ, Corn ethanol",mmbtu,0
2034,Renewable Gasoline,"ETJ, Corn ethanol",mmbtu,0
2035,Renewable Gasoline,"ETJ, Corn ethanol",mmbtu,0
2036,Renewable Gasoline,"ETJ, Corn ethanol",mmbtu,300973.8961
2037,Renewable Gasoline,"ETJ, Corn ethanol",mmbtu,33779899.94
2038,Renewable Gasoline,"ETJ, Corn ethanol",mmbtu,51437265.41
2039,Renewable Gasoline,"ETJ, Corn ethanol",mmbtu,216493630
2040,Renewable Gasoline,"ETJ, Corn ethanol",mmbtu,264740770.2
2041,Renewable Gasoline,"ETJ, Corn ethanol",mmbtu,297357377.9
2042,Renewable Gasoline,"ETJ, Corn ethanol",mmbtu,313616374
2043,Renewable Gasoline,"ETJ, Corn ethanol",mmbtu,343377111.5
2044,Renewable Gasoline,"ETJ, Corn ethanol",mmbtu,367942239.1
2045,Renewable Gasoline,"ETJ, Corn ethanol",mmbtu,386347356.7
2046,Renewable Gasoline,"ETJ, Corn ethanol",mmbtu,409832235.8
2047,Renewable Gasoline,"ETJ, Corn ethanol",mmbtu,140444444.5
2048,Renewable Gasoline,"ETJ, Corn ethanol",mmbtu,148933275.1
2049,Renewable Gasoline,"ETJ, Corn ethanol",mmbtu,156665656.9
2050,Renewable Gasoline,"ETJ, Corn ethanol",mmbtu,158133664.5
2020,Renewable Gasoline,"ETJ, Cellulosic ethanol",mmbtu,0
2021,Renewable Gasoline,"ETJ, Cellulosic ethanol",mmbtu,0
2022,Renewable Gasoline,"ETJ, Cellulosic ethanol",mmbtu,0
2023,Renewable Gasoline,"ETJ, Cellulosic ethanol",mmbtu,0
2024,Renewable Gasoline,"ETJ, Cellulosic ethanol",mmbtu,0
2025,Renewable Gasoline,"ETJ, Cellulosic ethanol",mmbtu,0
2026,Renewable Gasoline,"ETJ, Cellulosic ethanol",mmbtu,0
2027,Renewable Gasoline,"ETJ, Cellulosic ethanol",mmbtu,0
2028,Renewable Gasoline,"ETJ, Cellulosic ethanol",mmbtu,0
2029,Renewable Gasoline,"ETJ, Cellulosic ethanol",mmbtu,0
2030,Renewable Gasoline,"ETJ, Cellulosic ethanol",mmbtu,0
2031,Renewable Gasoline,"ETJ, Cellulosic ethanol",mmbtu,0
2032,Renewable Gasoline,"ETJ, Cellulosic ethanol",mmbtu,0
2033,Renewable Gasoline,"ETJ, Cellulosic ethanol",mmbtu,0
2034,Renewable Gasoline,"ETJ, Cellulosic ethanol",mmbtu,0
2035,Renewable Gasoline,"ETJ, Cellulosic ethanol",mmbtu,0
2036,Renewable Gasoline,"ETJ, Cellulosic ethanol",mmbtu,201893.7271
2037,Renewable Gasoline,"ETJ, Cellulosic ethanol",mmbtu,53904137.54
2038,Renewable Gasoline,"ETJ, Cellulosic ethanol",mmbtu,107452563.4
2039,Renewable Gasoline,"ETJ, Cellulosic ethanol",mmbtu,0
2040,Renewable Gasoline,"ETJ, Cellulosic ethanol",mmbtu,0
2041,Renewable Gasoline,"ETJ, Cellulosic ethanol",mmbtu,0
2042,Renewable Gasoline,"ETJ, Cellulosic ethanol",mmbtu,0
2043,Renewable Gasoline,"ETJ, Cellulosic ethanol",mmbtu,0
2044,Renewable Gasoline,"ETJ, Cellulosic ethanol",mmbtu,0
2045,Renewable Gasoline,"ETJ, Cellulosic ethanol",mmbtu,0
2046,Renewable Gasoline,"ETJ, Cellulosic ethanol",mmbtu,0
2047,Renewable Gasoline,"ETJ, Cellulosic ethanol",mmbtu,279432489.7
2048,Renewable Gasoline,"ETJ, Cellulosic ethanol",mmbtu,286566778.9
2049,Renewable Gasoline,"ETJ, Cellulosic ethanol",mmbtu,290012347.3
2050,Renewable Gasoline,"ETJ, Cellulosic ethanol",mmbtu,294404599.9
